
[1m[30m[46m RUN [49m[39m[22m [36mv5.0.0 [39m[90m/candidate[39m

 [32m✓[39m [30m[46m tooling [49m[39m test/scripts/test-projects.test.ts[2m > [22mtest runtime prerequisites[2m > [22mprepares only the prerequisite selected by lifecycle file[32m 29[2mms[22m[39m
 [32m✓[39m [30m[46m tooling [49m[39m test/scripts/test-projects.test.ts[2m > [22mtest runtime prerequisites[2m > [22mprepares only the prerequisite selected by QA directory[32m 8[2mms[22m[39m
 [32m✓[39m [30m[46m tooling [49m[39m test/scripts/test-projects.test.ts[2m > [22mtest runtime prerequisites[2m > [22mprepares only the prerequisite selected by tooling config[32m 2[2mms[22m[39m
 [32m✓[39m [30m[46m tooling [49m[39m test/scripts/test-projects.test.ts[2m > [22mtest runtime prerequisites[2m > [22mprepares only the prerequisite selected by QA config[32m 4[2mms[22m[39m
 [32m✓[39m [30m[46m tooling [49m[39m test/scripts/test-projects.test.ts[2m > [22mtest runtime prerequisites[2m > [22mprepares only the prerequisite selected by sticker provider runtime[32m 4[2mms[22m[39m
 [32m✓[39m [30m[46m tooling [49m[39m test/scripts/test-projects.test.ts[2m > [22mtest runtime prerequisites[2m > [22mprepares only the prerequisite selected by Telegram polling runtime[32m 7[2mms[22m[39m
 [32m✓[39m [30m[46m tooling [49m[39m test/scripts/test-projects.test.ts[2m > [22mtest runtime prerequisites[2m > [22mprepares only the prerequisite selected by Telegram config[32m 96[2mms[22m[39m
 [32m✓[39m [30m[46m tooling [49m[39m test/scripts/test-projects.test.ts[2m > [22mtest runtime prerequisites[2m > [22mprepares only the prerequisite selected by ordinary Telegram test[32m 8[2mms[22m[39m
 [32m✓[39m [30m[46m tooling [49m[39m test/scripts/test-projects.test.ts[2m > [22mtest runtime prerequisites[2m > [22mprepares only the prerequisite selected by all plugins[32m 149[2mms[22m[39m
 [32m✓[39m [30m[46m tooling [49m[39m test/scripts/test-projects.test.ts[2m > [22mtest runtime prerequisites[2m > [22mprepares only the prerequisite selected by full local suite[33m 5061[2mms[22m[39m
 [32m✓[39m [30m[46m tooling [49m[39m test/scripts/test-projects.test.ts[2m > [22mtest runtime prerequisites[2m > [22mprepares only the prerequisite selected by root config[32m 12[2mms[22m[39m
 [32m✓[39m [30m[46m tooling [49m[39m test/scripts/test-projects.test.ts[2m > [22mtest runtime prerequisites[2m > [22mprepares only the prerequisite selected by runtime reader[32m 9[2mms[22m[39m
 [32m✓[39m [30m[46m tooling [49m[39m test/scripts/test-projects.test.ts[2m > [22mtest runtime prerequisites[2m > [22mprepares only the prerequisite selected by ACP CLI process[32m 2[2mms[22m[39m
 [32m✓[39m [30m[46m tooling [49m[39m test/scripts/test-projects.test.ts[2m > [22mtest runtime prerequisites[2m > [22mprepares only the prerequisite selected by update CLI process[32m 1[2mms[22m[39m
 [32m✓[39m [30m[46m tooling [49m[39m test/scripts/test-projects.test.ts[2m > [22mtest runtime prerequisites[2m > [22mprepares only the prerequisite selected by migrated update process[32m 3[2mms[22m[39m
 [32m✓[39m [30m[46m tooling [49m[39m test/scripts/test-projects.test.ts[2m > [22mtest runtime prerequisites[2m > [22mprepares only the prerequisite selected by update rollback[32m 3[2mms[22m[39m
 [32m✓[39m [30m[46m tooling [49m[39m test/scripts/test-projects.test.ts[2m > [22mtest runtime prerequisites[2m > [22mprepares only the prerequisite selected by update recovery[32m 3[2mms[22m[39m
 [32m✓[39m [30m[46m tooling [49m[39m test/scripts/test-projects.test.ts[2m > [22mtest runtime prerequisites[2m > [22mprepares only the prerequisite selected by update repair[32m 2[2mms[22m[39m
 [32m✓[39m [30m[46m tooling [49m[39m test/scripts/test-projects.test.ts[2m > [22mtest runtime prerequisites[2m > [22mprepares only the prerequisite selected by update service recovery[32m 4[2mms[22m[39m
 [32m✓[39m [30m[46m tooling [49m[39m test/scripts/test-projects.test.ts[2m > [22mtest runtime prerequisites[2m > [22mprepares only the prerequisite selected by candidate Gateway canary[32m 9[2mms[22m[39m
 [32m✓[39m [30m[46m tooling [49m[39m test/scripts/test-projects.test.ts[2m > [22mtest runtime prerequisites[2m > [22mprepares only the prerequisite selected by infra config[32m 5[2mms[22m[39m
 [32m✓[39m [30m[46m tooling [49m[39m test/scripts/test-projects.test.ts[2m > [22mtest runtime prerequisites[2m > [22mprepares only the prerequisite selected by native SDK generation[32m 2[2mms[22m[39m
 [32m✓[39m [30m[46m tooling [49m[39m test/scripts/test-projects.test.ts[2m > [22mtest runtime prerequisites[2m > [22mprepares only the prerequisite selected by config startup SDK[32m 1[2mms[22m[39m
 [32m✓[39m [30m[46m tooling [49m[39m test/scripts/test-projects.test.ts[2m > [22mtest runtime prerequisites[2m > [22mprepares only the prerequisite selected by state startup SDK[32m 2[2mms[22m[39m
 [32m✓[39m [30m[46m tooling [49m[39m test/scripts/test-projects.test.ts[2m > [22mtest runtime prerequisites[2m > [22mprepares only the prerequisite selected by runtime config project[32m 1[2mms[22m[39m
 [32m✓[39m [30m[46m tooling [49m[39m test/scripts/test-projects.test.ts[2m > [22mtest runtime prerequisites[2m > [22mprepares only the prerequisite selected by context engine sandbox SDK[32m 5[2mms[22m[39m
 [32m✓[39m [30m[46m tooling [49m[39m test/scripts/test-projects.test.ts[2m > [22mtest runtime prerequisites[2m > [22mprepares only the prerequisite selected by native direct loader SDK[32m 1[2mms[22m[39m
 [32m✓[39m [30m[46m tooling [49m[39m test/scripts/test-projects.test.ts[2m > [22mtest runtime prerequisites[2m > [22mprepares only the prerequisite selected by native setup registry SDK[32m 2[2mms[22m[39m
 [32m✓[39m [30m[46m tooling [49m[39m test/scripts/test-projects.test.ts[2m > [22mtest runtime prerequisites[2m > [22mprepares only the prerequisite selected by native source checkout SDK[32m 2[2mms[22m[39m
 [32m✓[39m [30m[46m tooling [49m[39m test/scripts/test-projects.test.ts[2m > [22mtest runtime prerequisites[2m > [22mprepares only the prerequisite selected by native provider contract SDK[32m 3[2mms[22m[39m
 [32m✓[39m [30m[46m tooling [49m[39m test/scripts/test-projects.test.ts[2m > [22mtest runtime prerequisites[2m > [22mprepares only the prerequisite selected by native catalog auth SDK[32m 4[2mms[22m[39m
 [32m✓[39m [30m[46m tooling [49m[39m test/scripts/test-projects.test.ts[2m > [22mtest runtime prerequisites[2m > [22mprepares only the prerequisite selected by models.list native catalog[32m 2[2mms[22m[39m
 [32m✓[39m [30m[46m tooling [49m[39m test/scripts/test-projects.test.ts[2m > [22mtest runtime prerequisites[2m > [22mprepares only the prerequisite selected by native package setup SDK[32m 3[2mms[22m[39m
 [32m✓[39m [30m[46m tooling [49m[39m test/scripts/test-projects.test.ts[2m > [22mtest runtime prerequisites[2m > [22mprepares only the prerequisite selected by native Linux node SDK[32m 13[2mms[22m[39m
 [32m✓[39m [30m[46m tooling [49m[39m test/scripts/test-projects.test.ts[2m > [22mtest runtime prerequisites[2m > [22mprepares only the prerequisite selected by native catalog worker SDK[32m 2[2mms[22m[39m
 [32m✓[39m [30m[46m tooling [49m[39m test/scripts/test-projects.test.ts[2m > [22mtest runtime prerequisites[2m > [22mprepares only the prerequisite selected by native Google Meet SDK[32m 3[2mms[22m[39m
 [32m✓[39m [30m[46m tooling [49m[39m test/scripts/test-projects.test.ts[2m > [22mtest runtime prerequisites[2m > [22mprepares only the prerequisite selected by native channel directory config SDK[32m 2[2mms[22m[39m
 [32m✓[39m [30m[46m tooling [49m[39m test/scripts/test-projects.test.ts[2m > [22mtest runtime prerequisites[2m > [22mprepares only the prerequisite selected by native channel directory session SDK[32m 5[2mms[22m[39m
 [32m✓[39m [30m[46m tooling [49m[39m test/scripts/test-projects.test.ts[2m > [22mtest runtime prerequisites[2m > [22mprepares only the prerequisite selected by native channel surfaces session SDK[32m 4[2mms[22m[39m
 [32m✓[39m [30m[46m tooling [49m[39m test/scripts/test-projects.test.ts[2m > [22mtest runtime prerequisites[2m > [22mprepares only the prerequisite selected by native channel shape SDK[32m 2[2mms[22m[39m
 [32m✓[39m [30m[46m tooling [49m[39m test/scripts/test-projects.test.ts[2m > [22mtest runtime prerequisites[2m > [22mprepares only the prerequisite selected by native SDK companion lifecycle[32m 2[2mms[22m[39m
 [32m✓[39m [30m[46m tooling [49m[39m test/scripts/test-projects.test.ts[2m > [22mtest runtime prerequisites[2m > [22mprepares only the prerequisite selected by native completion transport SDK[32m 1[2mms[22m[39m
 [32m✓[39m [30m[46m tooling [49m[39m test/scripts/test-projects.test.ts[2m > [22mtest runtime prerequisites[2m > [22mprepares only the prerequisite selected by agent core config[32m 0[2mms[22m[39m
 [32m✓[39m [30m[46m tooling [49m[39m test/scripts/test-projects.test.ts[2m > [22mtest runtime prerequisites[2m > [22mprepares only the prerequisite selected by agent umbrella config[32m 0[2mms[22m[39m
 [32m✓[39m [30m[46m tooling [49m[39m test/scripts/test-projects.test.ts[2m > [22mtest runtime prerequisites[2m > [22mprepares only the prerequisite selected by ordinary completion unit[32m 1[2mms[22m[39m
 [32m✓[39m [30m[46m tooling [49m[39m test/scripts/test-projects.test.ts[2m > [22mtest runtime prerequisites[2m > [22mprepares only the prerequisite selected by direct completion fixture without SDK imports[32m 2[2mms[22m[39m
 [32m✓[39m [30m[46m tooling [49m[39m test/scripts/test-projects.test.ts[2m > [22mtest runtime prerequisites[2m > [22mprepares only the prerequisite selected by native inspection fixture[32m 2[2mms[22m[39m
 [32m✓[39m [30m[46m tooling [49m[39m test/scripts/test-projects.test.ts[2m > [22mtest runtime prerequisites[2m > [22mprepares only the prerequisite selected by source module generation[32m 4[2mms[22m[39m
 [32m✓[39m [30m[46m tooling [49m[39m test/scripts/test-projects.test.ts[2m > [22mtest runtime prerequisites[2m > [22mprepares only the prerequisite selected by native module interop[32m 3[2mms[22m[39m
 [32m✓[39m [30m[46m tooling [49m[39m test/scripts/test-projects.test.ts[2m > [22mtest runtime prerequisites[2m > [22mprepares only the prerequisite selected by plugins config[32m 1[2mms[22m[39m
 [32m✓[39m [30m[46m tooling [49m[39m test/scripts/test-projects.test.ts[2m > [22mtest runtime prerequisites[2m > [22mprepares only the prerequisite selected by ordinary update unit test[32m 3[2mms[22m[39m
 [32m✓[39m [30m[46m tooling [49m[39m test/scripts/test-projects.test.ts[2m > [22mtest runtime prerequisites[2m > [22mprepares only the prerequisite selected by CLI directory[32m 65[2mms[22m[39m
 [32m✓[39m [30m[46m tooling [49m[39m test/scripts/test-projects.test.ts[2m > [22mtest runtime prerequisites[2m > [22mprepares only the prerequisite selected by CLI config[32m 1[2mms[22m[39m
 [32m✓[39m [30m[46m tooling [49m[39m test/scripts/test-projects.test.ts[2m > [22mtest runtime prerequisites[2m > [22mprepares only the prerequisite selected by CLI process config[32m 1[2mms[22m[39m
 [32m✓[39m [30m[46m tooling [49m[39m test/scripts/test-projects.test.ts[2m > [22mtest runtime prerequisites[2m > [22mprepares only the prerequisite selected by ordinary CLI unit test[32m 5[2mms[22m[39m
 [32m✓[39m [30m[46m tooling [49m[39m test/scripts/test-projects.test.ts[2m > [22mtest runtime prerequisites[2m > [22mprepares only the prerequisite selected by Doctor CLI processes[32m 6[2mms[22m[39m
 [32m✓[39m [30m[46m tooling [49m[39m test/scripts/test-projects.test.ts[2m > [22mtest runtime prerequisites[2m > [22mprepares only the prerequisite selected by Doctor repair rollback[32m 3[2mms[22m[39m
 [32m✓[39m [30m[46m tooling [49m[39m test/scripts/test-projects.test.ts[2m > [22mtest runtime prerequisites[2m > [22mprepares only the prerequisite selected by Doctor retired plugin config[32m 3[2mms[22m[39m
 [32m✓[39m [30m[46m tooling [49m[39m test/scripts/test-projects.test.ts[2m > [22mtest runtime prerequisites[2m > [22mprepares only the prerequisite selected by commands directory[32m 3[2mms[22m[39m
 [32m✓[39m [30m[46m tooling [49m[39m test/scripts/test-projects.test.ts[2m > [22mtest runtime prerequisites[2m > [22mprepares only the prerequisite selected by commands config[32m 1[2mms[22m[39m
 [32m✓[39m [30m[46m tooling [49m[39m test/scripts/test-projects.test.ts[2m > [22mtest runtime prerequisites[2m > [22mprepares only the prerequisite selected by ordinary Doctor unit test[32m 3[2mms[22m[39m
 [32m✓[39m [30m[46m tooling [49m[39m test/scripts/test-projects.test.ts[2m > [22mtest runtime prerequisites[2m > [22mprepares only the prerequisite selected by Doctor source module probe[32m 6[2mms[22m[39m
 [32m✓[39m [30m[46m tooling [49m[39m test/scripts/test-projects.test.ts[2m > [22mtest runtime prerequisites[2m > [22mprepares only the prerequisite selected by Codex delivery Gateway[32m 4[2mms[22m[39m
 [32m✓[39m [30m[46m tooling [49m[39m test/scripts/test-projects.test.ts[2m > [22mtest runtime prerequisites[2m > [22mprepares only the prerequisite selected by Active Memory Gateway[32m 1[2mms[22m[39m
 [32m✓[39m [30m[46m tooling [49m[39m test/scripts/test-projects.test.ts[2m > [22mtest runtime prerequisites[2m > [22mprepares only the prerequisite selected by concurrent Gateway streams[32m 1[2mms[22m[39m
 [32m✓[39m [30m[46m tooling [49m[39m test/scripts/test-projects.test.ts[2m > [22mtest runtime prerequisites[2m > [22mprepares only the prerequisite selected by Gateway sidecar lifecycle[32m 1[2mms[22m[39m
 [32m✓[39m [30m[46m tooling [49m[39m test/scripts/test-projects.test.ts[2m > [22mtest runtime prerequisites[2m > [22mprepares only the prerequisite selected by Windows cron process identity[32m 1[2mms[22m[39m
 [32m✓[39m [30m[46m tooling [49m[39m test/scripts/test-projects.test.ts[2m > [22mtest runtime prerequisites[2m > [22mprepares only the prerequisite selected by real Gateway config edits[32m 1[2mms[22m[39m
 [32m✓[39m [30m[46m tooling [49m[39m test/scripts/test-projects.test.ts[2m > [22mtest runtime prerequisites[2m > [22mprepares only the prerequisite selected by Gateway directory[32m 4[2mms[22m[39m
 [32m✓[39m [30m[46m tooling [49m[39m test/scripts/test-projects.test.ts[2m > [22mtest runtime prerequisites[2m > [22mprepares only the prerequisite selected by Gateway core config[32m 1[2mms[22m[39m
 [32m✓[39m [30m[46m tooling [49m[39m test/scripts/test-projects.test.ts[2m > [22mtest runtime prerequisites[2m > [22mprepares only the prerequisite selected by Gateway server config[32m 2[2mms[22m[39m
 [32m✓[39m [30m[46m tooling [49m[39m test/scripts/test-projects.test.ts[2m > [22mtest runtime prerequisites[2m > [22mprepares only the prerequisite selected by Gateway umbrella config[32m 1[2mms[22m[39m
 [32m✓[39m [30m[46m tooling [49m[39m test/scripts/test-projects.test.ts[2m > [22mtest runtime prerequisites[2m > [22mprepares only the prerequisite selected by agentic config[32m 14[2mms[22m[39m
 [32m✓[39m [30m[46m tooling [49m[39m test/scripts/test-projects.test.ts[2m > [22mtest runtime prerequisites[2m > [22mprepares only the prerequisite selected by ordinary Gateway unit test[32m 1[2mms[22m[39m
 [32m✓[39m [30m[46m tooling [49m[39m test/scripts/test-projects.test.ts[2m > [22mtest runtime prerequisites[2m > [22mprepares only the prerequisite selected by ordinary Gateway server test[32m 2[2mms[22m[39m
 [32m✓[39m [30m[46m tooling [49m[39m test/scripts/test-projects.test.ts[2m > [22mtest runtime prerequisites[2m > [22mprepares only the prerequisite selected by ordinary QA unit test[32m 2[2mms[22m[39m
 [32m✓[39m [30m[46m tooling [49m[39m test/scripts/test-projects.test.ts[2m > [22mtest runtime prerequisites[2m > [22mprepares only the prerequisite selected by model reader[32m 2[2mms[22m[39m
 [32m✓[39m [30m[46m tooling [49m[39m test/scripts/test-projects.test.ts[2m > [22mtest runtime prerequisites[2m > [22mprepares direct lifecycle selection under test/vitest/vitest.gateway-server.config.ts[32m 8[2mms[22m[39m
 [32m✓[39m [30m[46m tooling [49m[39m test/scripts/test-projects.test.ts[2m > [22mtest runtime prerequisites[2m > [22mprepares direct lifecycle selection under test/vitest/vitest.gateway.config.ts[32m 25[2mms[22m[39m
 [32m✓[39m [30m[46m tooling [49m[39m test/scripts/test-projects.test.ts[2m > [22mtest runtime prerequisites[2m > [22mprepares direct lifecycle selection under test/vitest/vitest.full-agentic.config.ts[32m 56[2mms[22m[39m
 [32m✓[39m [30m[46m tooling [49m[39m test/scripts/test-projects.test.ts[2m > [22mtest runtime prerequisites[2m > [22mkeeps bundled selection scoped after excluding src/plugins/loader.test.ts[32m 3[2mms[22m[39m
 [32m✓[39m [30m[46m tooling [49m[39m test/scripts/test-projects.test.ts[2m > [22mtest runtime prerequisites[2m > [22mkeeps unit-fast selection scoped after excluding src/plugins/*.test.ts[32m 2[2mms[22m[39m
 [32m✓[39m [30m[46m tooling [49m[39m test/scripts/test-projects.test.ts[2m > [22mtest runtime prerequisites[2m > [22mkeeps contracts-channel-config selection scoped after excluding src/channels/plugins/contracts/**[32m 3[2mms[22m[39m
 [32m✓[39m [30m[46m tooling [49m[39m test/scripts/test-projects.test.ts[2m > [22mtest runtime prerequisites[2m > [22mkeeps contracts-channel-session selection scoped after excluding src/channels/plugins/contracts/**[32m 1[2mms[22m[39m
 [32m✓[39m [30m[46m tooling [49m[39m test/scripts/test-projects.test.ts[2m > [22mtest runtime prerequisites[2m > [22mkeeps contracts-channel-registry selection scoped after excluding src/channels/plugins/contracts/**[32m 15[2mms[22m[39m
 [32m✓[39m [30m[46m tooling [49m[39m test/scripts/test-projects.test.ts[2m > [22mtest runtime prerequisites[2m > [22mkeeps unit selection scoped after excluding src/node-host/**[32m 1[2mms[22m[39m
 [32m✓[39m [30m[46m tooling [49m[39m test/scripts/test-projects.test.ts[2m > [22mtest runtime prerequisites[2m > [22mkeeps unit-src selection scoped after excluding src/node-host/**[32m 1[2mms[22m[39m
 [32m✓[39m [30m[46m tooling [49m[39m test/scripts/test-projects.test.ts[2m > [22mtest runtime prerequisites[2m > [22mkeeps extensions selection scoped after excluding deepinfra/**[32m 3[2mms[22m[39m
 [32m✓[39m [30m[46m tooling [49m[39m test/scripts/test-projects.test.ts[2m > [22mtest runtime prerequisites[2m > [22mkeeps extensions selection scoped after excluding deepinfra/**,google-meet/**[32m 1[2mms[22m[39m
 [32m✓[39m [30m[46m tooling [49m[39m test/scripts/test-projects.test.ts[2m > [22mtest runtime prerequisites[2m > [22mkeeps tooling selection scoped after excluding test/**[32m 5[2mms[22m[39m
 [32m✓[39m [30m[46m tooling [49m[39m test/scripts/test-projects.test.ts[2m > [22mtest runtime prerequisites[2m > [22mkeeps plugins selection scoped after excluding plugin-module-generation.sdk.test.ts[32m 2[2mms[22m[39m
 [32m✓[39m [30m[46m tooling [49m[39m test/scripts/test-projects.test.ts[2m > [22mtest runtime prerequisites[2m > [22mkeeps runtime-config selection scoped after excluding config/config-startup-corpus.test.ts[32m 3[2mms[22m[39m
 [32m✓[39m [30m[46m tooling [49m[39m test/scripts/test-projects.test.ts[2m > [22mtest runtime prerequisites[2m > [22mkeeps runtime-config selection scoped after excluding config/state-startup-corpus.test.ts[32m 3[2mms[22m[39m
 [32m✓[39m [30m[46m tooling [49m[39m test/scripts/test-projects.test.ts[2m > [22mtest runtime prerequisites[2m > [22mkeeps runtime-config selection scoped after excluding config/config-startup-corpus.test.ts,config/state-startup-corpus.test.ts[32m 3[2mms[22m[39m
 [32m✓[39m [30m[46m tooling [49m[39m test/scripts/test-projects.test.ts[2m > [22mtest runtime prerequisites[2m > [22mkeeps runtime-config selection scoped after excluding config/config-startup-corpus.test.ts,config/state-startup-corpus.test.ts,config/sessions/session-accessor.sqlite-reclamation-memory.test.ts[32m 4[2mms[22m[39m
 [32m✓[39m [30m[46m tooling [49m[39m test/scripts/test-projects.test.ts[2m > [22mtest runtime prerequisites[2m > [22mkeeps agents-core selection scoped after excluding simple-completion-runtime.plugin-scope.test.ts[32m 2[2mms[22m[39m
 [32m✓[39m [30m[46m tooling [49m[39m test/scripts/test-projects.test.ts[2m > [22mtest runtime prerequisites[2m > [22mkeeps agents selection scoped after excluding simple-completion-runtime.plugin-scope.test.ts[32m 1[2mms[22m[39m
 [32m✓[39m [30m[46m tooling [49m[39m test/scripts/test-projects.test.ts[2m > [22mtest runtime prerequisites[2m > [22mkeeps agents-core selection scoped after excluding simple-completion-runtime.plugin-scope.test.ts,prepared-model-catalog-worker.integration.test.ts,runtime-plugins.context-engine.integration.test.ts[32m 2[2mms[22m[39m
 [32m✓[39m [30m[46m tooling [49m[39m test/scripts/test-projects.test.ts[2m > [22mtest runtime prerequisites[2m > [22mkeeps agents selection scoped after excluding simple-completion-runtime.plugin-scope.test.ts,prepared-model-catalog-worker.integration.test.ts,runtime-plugins.context-engine.integration.test.ts[32m 1[2mms[22m[39m
 [32m✓[39m [30m[46m tooling [49m[39m test/scripts/test-projects.test.ts[2m > [22mtest runtime prerequisites[2m > [22mkeeps gateway-core selection scoped after excluding gateway-*.test.ts[32m 4[2mms[22m[39m
 [32m✓[39m [30m[46m tooling [49m[39m test/scripts/test-projects.test.ts[2m > [22mtest runtime prerequisites[2m > [22mkeeps gateway-server selection scoped after excluding server-sidecar-retention.test.ts[32m 1[2mms[22m[39m
 [32m✓[39m [30m[46m tooling [49m[39m test/scripts/test-projects.test.ts[2m > [22mtest runtime prerequisites[2m > [22mkeeps gateway-server selection scoped after excluding server.config-patch.test.ts[32m 1[2mms[22m[39m
 [32m✓[39m [30m[46m tooling [49m[39m test/scripts/test-projects.test.ts[2m > [22mtest runtime prerequisites[2m > [22mkeeps gateway-server selection scoped after excluding server-sidecar-retention.test.ts,server.config-patch.test.ts[32m 2[2mms[22m[39m
 [32m✓[39m [30m[46m tooling [49m[39m test/scripts/test-projects.test.ts[2m > [22mtest runtime prerequisites[2m > [22mkeeps gateway selection scoped after excluding gateway-*.test.ts[32m 8[2mms[22m[39m
 [32m✓[39m [30m[46m tooling [49m[39m test/scripts/test-projects.test.ts[2m > [22mtest runtime prerequisites[2m > [22mkeeps gateway selection scoped after excluding server*.test.ts[32m 4[2mms[22m[39m
 [32m✓[39m [30m[46m tooling [49m[39m test/scripts/test-projects.test.ts[2m > [22mtest runtime prerequisites[2m > [22mkeeps tooling selection scoped after excluding **/gateway-codex-delivery-cache.test.ts[32m 2[2mms[22m[39m
 [32m✓[39m [30m[46m tooling [49m[39m test/scripts/test-projects.test.ts[2m > [22mtest runtime prerequisites[2m > [22mkeeps extension-telegram selection scoped after excluding **/polling-session.test.ts,**/sticker-cache.selection.test.ts[32m 1[2mms[22m[39m
 [32m✓[39m [30m[46m tooling [49m[39m test/scripts/test-projects.test.ts[2m > [22mtest runtime prerequisites[2m > [22mprojects invocation-owned include files when selecting prerequisites[32m 6[2mms[22m[39m
 [32m✓[39m [30m[46m tooling [49m[39m test/scripts/test-projects.test.ts[2m > [22mtest runtime prerequisites[2m > [22mcombines private QA and runtime readers into one private build[32m 1[2mms[22m[39m
 [32m✓[39m [30m[46m tooling [49m[39m test/scripts/test-projects.test.ts[2m > [22mscripts/test-projects changed-target routing[2m > [22mmaps changed source files into scoped lane targets[32m 11[2mms[22m[39m
 [32m✓[39m [30m[46m tooling [49m[39m test/scripts/test-projects.test.ts[2m > [22mscripts/test-projects changed-target routing[2m > [22mruns both Mermaid browser boundaries when packages/mermaid-renderer/package.json changes[32m 4[2mms[22m[39m
 [32m✓[39m [30m[46m tooling [49m[39m test/scripts/test-projects.test.ts[2m > [22mscripts/test-projects changed-target routing[2m > [22mruns both Mermaid browser boundaries when packages/mermaid-renderer/vite.config.ts changes[32m 1[2mms[22m[39m
 [32m✓[39m [30m[46m tooling [49m[39m test/scripts/test-projects.test.ts[2m > [22mscripts/test-projects changed-target routing[2m > [22mruns both Mermaid browser boundaries when packages/mermaid-renderer/native/index.html changes[32m 2[2mms[22m[39m
 [32m✓[39m [30m[46m tooling [49m[39m test/scripts/test-projects.test.ts[2m > [22mscripts/test-projects changed-target routing[2m > [22mruns both Mermaid browser boundaries when packages/mermaid-renderer/src/renderer.ts changes[32m 2[2mms[22m[39m
 [32m✓[39m [30m[46m tooling [49m[39m test/scripts/test-projects.test.ts[2m > [22mscripts/test-projects changed-target routing[2m > [22mruns both Mermaid browser boundaries when packages/mermaid-renderer/src/frame.js changes[32m 3[2mms[22m[39m
 [32m✓[39m [30m[46m tooling [49m[39m test/scripts/test-projects.test.ts[2m > [22mscripts/test-projects changed-target routing[2m > [22mruns both Mermaid browser boundaries when packages/mermaid-renderer/src/native.ts changes[32m 3[2mms[22m[39m
 [32m✓[39m [30m[46m tooling [49m[39m test/scripts/test-projects.test.ts[2m > [22mscripts/test-projects changed-target routing[2m > [22mretains owner proof and adds both Mermaid boundaries for packages/normalization-core/src/record-coerce.ts[32m 6[2mms[22m[39m
 [32m✓[39m [30m[46m tooling [49m[39m test/scripts/test-projects.test.ts[2m > [22mscripts/test-projects changed-target routing[2m > [22mretains owner proof and adds both Mermaid boundaries for packages/normalization-core/package.json[32m 4[2mms[22m[39m
 [32m✓[39m [30m[46m tooling [49m[39m test/scripts/test-projects.test.ts[2m > [22mscripts/test-projects changed-target routing[2m > [22mretains owner proof and adds both Mermaid boundaries for tsconfig.json[33m 8887[2mms[22m[39m
 [32m✓[39m [30m[46m tooling [49m[39m test/scripts/test-projects.test.ts[2m > [22mscripts/test-projects changed-target routing[2m > [22mroutes Apple Mermaid preparation to its build and packaging proof[32m 1[2mms[22m[39m
 [32m✓[39m [30m[46m tooling [49m[39m test/scripts/test-projects.test.ts[2m > [22mscripts/test-projects changed-target routing[2m > [22mbounds extensionless prefix probes while excluding deleted cached matches[32m 111[2mms[22m[39m
 [32m✓[39m [30m[46m tooling [49m[39m test/scripts/test-projects.test.ts[2m > [22mscripts/test-projects changed-target routing[2m > [22mroutes setup inference transcript ownership changes through both regressions for src/system-agent/setup-inference-turn.ts[32m 6[2mms[22m[39m
 [32m✓[39m [30m[46m tooling [49m[39m test/scripts/test-projects.test.ts[2m > [22mscripts/test-projects changed-target routing[2m > [22mroutes setup inference transcript ownership changes through both regressions for src/agents/embedded-agent-runner/run/run-attempt-dispatch.ts[32m 1[2mms[22m[39m
 [32m✓[39m [30m[46m tooling [49m[39m test/scripts/test-projects.test.ts[2m > [22mscripts/test-projects changed-target routing[2m > [22mkeeps changed mode focused by default for Vitest wiring edits[32m 2[2mms[22m[39m
 [32m✓[39m [30m[46m tooling [49m[39m test/scripts/test-projects.test.ts[2m > [22mscripts/test-projects changed-target routing[2m > [22mskips deleted direct test files in changed mode[32m 2[2mms[22m[39m
 [32m✓[39m [30m[46m tooling [49m[39m test/scripts/test-projects.test.ts[2m > [22mscripts/test-projects changed-target routing[2m > [22mrecords broad fallback paths skipped by focused changed mode[32m 1[2mms[22m[39m
 [32m✓[39m [30m[46m tooling [49m[39m test/scripts/test-projects.test.ts[2m > [22mscripts/test-projects changed-target routing[2m > [22mkeeps the broad changed run available for Vitest wiring edits[32m 0[2mms[22m[39m
 [32m✓[39m [30m[46m tooling [49m[39m test/scripts/test-projects.test.ts[2m > [22mscripts/test-projects changed-target routing[2m > [22mkeeps test runner implementation edits on runner tests[32m 1[2mms[22m[39m
 [32m✓[39m [30m[46m tooling [49m[39m test/scripts/test-projects.test.ts[2m > [22mscripts/test-projects changed-target routing[2m > [22mkeeps changed-lanes shim and implementation edits on changed-lanes tests[32m 0[2mms[22m[39m
 [32m✓[39m [30m[46m tooling [49m[39m test/scripts/test-projects.test.ts[2m > [22mscripts/test-projects changed-target routing[2m > [22mroutes shared TypeScript tooling changes through wrapper tests for scripts/lib/tsx-cli-shim.mjs[32m 0[2mms[22m[39m
 [32m✓[39m [30m[46m tooling [49m[39m test/scripts/test-projects.test.ts[2m > [22mscripts/test-projects changed-target routing[2m > [22mroutes shared TypeScript tooling changes through wrapper tests for scripts/tsx.mjs[32m 1[2mms[22m[39m
 [32m✓[39m [30m[46m tooling [49m[39m test/scripts/test-projects.test.ts[2m > [22mscripts/test-projects changed-target routing[2m > [22mroutes Docker pull retry helper changes through its regression test[32m 1[2mms[22m[39m
 [32m✓[39m [30m[46m tooling [49m[39m test/scripts/test-projects.test.ts[2m > [22mscripts/test-projects changed-target routing[2m > [22mroutes live command retry helper changes through its regression test[32m 1[2mms[22m[39m
 [32m✓[39m [30m[46m tooling [49m[39m test/scripts/test-projects.test.ts[2m > [22mscripts/test-projects changed-target routing[2m > [22mroutes Codex version changes through cross-plugin contract tests for extensions/codex/package.json[32m 0[2mms[22m[39m
 [32m✓[39m [30m[46m tooling [49m[39m test/scripts/test-projects.test.ts[2m > [22mscripts/test-projects changed-target routing[2m > [22mroutes Codex version changes through cross-plugin contract tests for extensions/codex/src/app-server/version.ts[32m 0[2mms[22m[39m
 [32m✓[39m [30m[46m tooling [49m[39m test/scripts/test-projects.test.ts[2m > [22mscripts/test-projects changed-target routing[2m > [22mroutes control UI i18n script changes through its regression test[32m 1[2mms[22m[39m
 [32m✓[39m [30m[46m tooling [49m[39m test/scripts/test-projects.test.ts[2m > [22mscripts/test-projects changed-target routing[2m > [22mkeeps shared PR worktree helper edits on the full tooling owner suite[32m 5[2mms[22m[39m
 [32m✓[39m [30m[46m tooling [49m[39m test/scripts/test-projects.test.ts[2m > [22mscripts/test-projects changed-target routing[2m > [22mroutes native merge changes through the outcome owner for scripts/pr[32m 1[2mms[22m[39m
 [32m✓[39m [30m[46m tooling [49m[39m test/scripts/test-projects.test.ts[2m > [22mscripts/test-projects changed-target routing[2m > [22mroutes native merge changes through the outcome owner for scripts/pr-lib/merge.sh[32m 1[2mms[22m[39m
 [32m✓[39m [30m[46m tooling [49m[39m test/scripts/test-projects.test.ts[2m > [22mscripts/test-projects changed-target routing[2m > [22mroutes native merge changes through the outcome owner for scripts/pr-lib/merge-outcome.sh[32m 1[2mms[22m[39m
 [32m✓[39m [30m[46m tooling [49m[39m test/scripts/test-projects.test.ts[2m > [22mscripts/test-projects changed-target routing[2m > [22mroutes unmatched script changes to the tooling suite instead of skipping tests[33m 19902[2mms[22m[39m
 [32m✓[39m [30m[46m tooling [49m[39m test/scripts/test-projects.test.ts[2m > [22mscripts/test-projects changed-target routing[2m > [22mroutes group visible reply config changes through channel delivery regressions[32m 20[2mms[22m[39m
 [32m✓[39m [30m[46m tooling [49m[39m test/scripts/test-projects.test.ts[2m > [22mscripts/test-projects changed-target routing[2m > [22mroutes source reply prompt changes through prompt and channel delivery regressions[32m 1[2mms[22m[39m
 [32m✓[39m [30m[46m tooling [49m[39m test/scripts/test-projects.test.ts[2m > [22mscripts/test-projects changed-target routing[2m > [22mroutes source reply delivery mode changes through channel delivery regressions[32m 1[2mms[22m[39m
 [32m✓[39m [30m[46m tooling [49m[39m test/scripts/test-projects.test.ts[2m > [22mscripts/test-projects changed-target routing[2m > [22mroutes channel reply pipeline SDK changes through SDK and channel delivery regressions[32m 1[2mms[22m[39m
 [32m✓[39m [30m[46m tooling [49m[39m test/scripts/test-projects.test.ts[2m > [22mscripts/test-projects changed-target routing[2m > [22mroutes reply runtime SDK exports through plugin SDK contract tests[32m 1[2mms[22m[39m
 [32m✓[39m [30m[46m tooling [49m[39m test/scripts/test-projects.test.ts[2m > [22mscripts/test-projects changed-target routing[2m > [22mkeeps extension batch runner edits on extension script tests[33m 13208[2mms[22m[39m
 [32m✓[39m [30m[46m tooling [49m[39m test/scripts/test-projects.test.ts[2m > [22mscripts/test-projects changed-target routing[2m > [22mkeeps check runner edits on check runner tests[32m 18[2mms[22m[39m
 [32m✓[39m [30m[46m tooling [49m[39m test/scripts/test-projects.test.ts[2m > [22mscripts/test-projects changed-target routing[2m > [22mroutes the Vitest fork patch and its fixture to lifecycle proof[32m 13[2mms[22m[39m
 [32m✓[39m [30m[46m tooling [49m[39m test/scripts/test-projects.test.ts[2m > [22mscripts/test-projects changed-target routing[2m > [22mkeeps build runner edits on build runner tests[32m 2[2mms[22m[39m
 [32m✓[39m [30m[46m tooling [49m[39m test/scripts/test-projects.test.ts[2m > [22mscripts/test-projects changed-target routing[2m > [22mroutes recovery survivor orchestration to its assertion owner[32m 7[2mms[22m[39m
 [32m✓[39m [30m[46m tooling [49m[39m test/scripts/test-projects.test.ts[2m > [22mscripts/test-projects changed-target routing[2m > [22mroutes the watchOS survivor adapter to its contract test[32m 1[2mms[22m[39m
 [32m✓[39m [30m[46m tooling [49m[39m test/scripts/test-projects.test.ts[2m > [22mscripts/test-projects changed-target routing[2m > [22mkeeps force-test runner edits on its safe CLI tests[32m 1[2mms[22m[39m
 [32m✓[39m [30m[46m tooling [49m[39m test/scripts/test-projects.test.ts[2m > [22mscripts/test-projects changed-target routing[2m > [22mkeeps live-test runner edits on live-test runner tests[32m 4[2mms[22m[39m
 [32m✓[39m [30m[46m tooling [49m[39m test/scripts/test-projects.test.ts[2m > [22mscripts/test-projects changed-target routing[2m > [22mkeeps tsdown build runner edits on tsdown build tests[32m 2[2mms[22m[39m
 [32m✓[39m [30m[46m tooling [49m[39m test/scripts/test-projects.test.ts[2m > [22mscripts/test-projects changed-target routing[2m > [22mkeeps verify runner edits on verify runner tests[32m 1[2mms[22m[39m
 [32m✓[39m [30m[46m tooling [49m[39m test/scripts/test-projects.test.ts[2m > [22mscripts/test-projects changed-target routing[2m > [22mroutes scripts/run-oxlint-shards.mts through the lint status boundary and existing owners[32m 1[2mms[22m[39m
 [32m✓[39m [30m[46m tooling [49m[39m test/scripts/test-projects.test.ts[2m > [22mscripts/test-projects changed-target routing[2m > [22mroutes scripts/run-oxlint.mts through the lint status boundary and existing owners[32m 7[2mms[22m[39m
 [32m✓[39m [30m[46m tooling [49m[39m test/scripts/test-projects.test.ts[2m > [22mscripts/test-projects changed-target routing[2m > [22mroutes scripts/run-oxlint.mjs through the lint status boundary and existing owners[32m 1[2mms[22m[39m
 [32m✓[39m [30m[46m tooling [49m[39m test/scripts/test-projects.test.ts[2m > [22mscripts/test-projects changed-target routing[2m > [22mroutes scripts/run-lint.mts through the lint status boundary and existing owners[32m 4[2mms[22m[39m
 [32m✓[39m [30m[46m tooling [49m[39m test/scripts/test-projects.test.ts[2m > [22mscripts/test-projects changed-target routing[2m > [22mroutes scripts/run-stylelint.mts through the lint status boundary and existing owners[32m 0[2mms[22m[39m
 [32m✓[39m [30m[46m tooling [49m[39m test/scripts/test-projects.test.ts[2m > [22mscripts/test-projects changed-target routing[2m > [22mroutes scripts/lib/failed-trailer.mts through the lint status boundary and existing owners[32m 0[2mms[22m[39m
 [32m✓[39m [30m[46m tooling [49m[39m test/scripts/test-projects.test.ts[2m > [22mscripts/test-projects changed-target routing[2m > [22mroutes scripts/lib/managed-child-process.mts through the lint status boundary and existing owners[32m 1[2mms[22m[39m
 [32m✓[39m [30m[46m tooling [49m[39m test/scripts/test-projects.test.ts[2m > [22mscripts/test-projects changed-target routing[2m > [22mroutes scripts/lib/dist-artifact-ownership.mts through the lint status boundary and existing owners[32m 0[2mms[22m[39m
 [32m✓[39m [30m[46m tooling [49m[39m test/scripts/test-projects.test.ts[2m > [22mscripts/test-projects changed-target routing[2m > [22mkeeps env wrapper edits on env wrapper tests[32m 1[2mms[22m[39m
 [32m✓[39m [30m[46m tooling [49m[39m test/scripts/test-projects.test.ts[2m > [22mscripts/test-projects changed-target routing[2m > [22mkeeps Crabbox config edits on package acceptance tests[32m 0[2mms[22m[39m
 [32m✓[39m [30m[46m tooling [49m[39m test/scripts/test-projects.test.ts[2m > [22mscripts/test-projects changed-target routing[2m > [22mkeeps scripts tsconfig edits on oxlint config tests[33m 4127[2mms[22m[39m
 [32m✓[39m [30m[46m tooling [49m[39m test/scripts/test-projects.test.ts[2m > [22mscripts/test-projects changed-target routing[2m > [22mkeeps the scripts typecheck project on its routing tests[32m 6[2mms[22m[39m
 [32m✓[39m [30m[46m tooling [49m[39m test/scripts/test-projects.test.ts[2m > [22mscripts/test-projects changed-target routing[2m > [22mkeeps docs i18n behavior fixture edits on behavior baseline tests[32m 4[2mms[22m[39m
 [32m✓[39m [30m[46m tooling [49m[39m test/scripts/test-projects.test.ts[2m > [22mscripts/test-projects changed-target routing[2m > [22mkeeps docs i18n Go edits on their module and workflow guards[32m 2[2mms[22m[39m
 [32m✓[39m [30m[46m tooling [49m[39m test/scripts/test-projects.test.ts[2m > [22mscripts/test-projects changed-target routing[2m > [22mkeeps k8s manifest edits on manifest tests[32m 4[2mms[22m[39m
 [32m✓[39m [30m[46m tooling [49m[39m test/scripts/test-projects.test.ts[2m > [22mscripts/test-projects changed-target routing[2m > [22mkeeps Crabbox runner script edits on their regression tests[32m 5[2mms[22m[39m
 [32m✓[39m [30m[46m tooling [49m[39m test/scripts/test-projects.test.ts[2m > [22mscripts/test-projects changed-target routing[2m > [22mkeeps Crabbox gate trust-boundary scripts on their owner tests[32m 1[2mms[22m[39m
 [32m✓[39m [30m[46m tooling [49m[39m test/scripts/test-projects.test.ts[2m > [22mscripts/test-projects changed-target routing[2m > [22mkeeps build stamp script edits on the build stamp regression test[32m 0[2mms[22m[39m
 [32m✓[39m [30m[46m tooling [49m[39m test/scripts/test-projects.test.ts[2m > [22mscripts/test-projects changed-target routing[2m > [22mkeeps bundled plugin metadata copier edits on runtime owner tests[32m 2[2mms[22m[39m
 [32m✓[39m [30m[46m tooling [49m[39m test/scripts/test-projects.test.ts[2m > [22mscripts/test-projects changed-target routing[2m > [22mselects executable Git boundary proof for .github/actions/git-owner/owner.py[32m 2[2mms[22m[39m
 [32m✓[39m [30m[46m tooling [49m[39m test/scripts/test-projects.test.ts[2m > [22mscripts/test-projects changed-target routing[2m > [22mselects executable Git boundary proof for .github/actions/git-owner/action.yml[33m 4080[2mms[22m[39m
 [32m✓[39m [30m[46m tooling [49m[39m test/scripts/test-projects.test.ts[2m > [22mscripts/test-projects changed-target routing[2m > [22mselects executable Git boundary proof for .github/actions/ensure-base-commit/policy.py[32m 5[2mms[22m[39m
 [32m✓[39m [30m[46m tooling [49m[39m test/scripts/test-projects.test.ts[2m > [22mscripts/test-projects changed-target routing[2m > [22mselects executable Git boundary proof for .github/actions/ensure-base-commit/action.yml[33m 4025[2mms[22m[39m
 [32m✓[39m [30m[46m tooling [49m[39m test/scripts/test-projects.test.ts[2m > [22mscripts/test-projects changed-target routing[2m > [22mselects executable Git boundary proof for scripts/generate-ci-git-owner.mts[32m 1[2mms[22m[39m
 [32m✓[39m [30m[46m tooling [49m[39m test/scripts/test-projects.test.ts[2m > [22mscripts/test-projects changed-target routing[2m > [22mselects executable Git boundary proof for .github/workflows/workflow-sanity.yml[33m 4118[2mms[22m[39m
 [32m✓[39m [30m[46m tooling [49m[39m test/scripts/test-projects.test.ts[2m > [22mscripts/test-projects changed-target routing[2m > [22mroutes QA Profile Evidence through Git lifecycle and existing workflow owners[33m 5048[2mms[22m[39m
 [32m✓[39m [30m[46m tooling [49m[39m test/scripts/test-projects.test.ts[2m > [22mscripts/test-projects changed-target routing[2m > [22mroutes simple release admission lifecycle and semantic proof for .github/workflows/linux-app-release.yml[33m 2868[2mms[22m[39m
 [32m✓[39m [30m[46m tooling [49m[39m test/scripts/test-projects.test.ts[2m > [22mscripts/test-projects changed-target routing[2m > [22mroutes simple release admission lifecycle and semantic proof for .github/workflows/macos-release.yml[33m 5911[2mms[22m[39m
 [32m✓[39m [30m[46m tooling [49m[39m test/scripts/test-projects.test.ts[2m > [22mscripts/test-projects changed-target routing[2m > [22mroutes simple release admission lifecycle and semantic proof for .github/workflows/npm-placeholder-bootstrap.yml[33m 3751[2mms[22m[39m
 [32m✓[39m [30m[46m tooling [49m[39m test/scripts/test-projects.test.ts[2m > [22mscripts/test-projects changed-target routing[2m > [22mkeeps CI workflow edits on workflow guard tests[33m 2474[2mms[22m[39m
 [32m✓[39m [30m[46m tooling [49m[39m test/scripts/test-projects.test.ts[2m > [22mscripts/test-projects changed-target routing[2m > [22mkeeps full release validation workflow edits on FRV contract tests[33m 2675[2mms[22m[39m
 [32m✓[39m [30m[46m tooling [49m[39m test/scripts/test-projects.test.ts[2m > [22mscripts/test-projects changed-target routing[2m > [22mroutes candidate reuse library changes through the owner test for scripts/full-release-candidate-reuse.mjs[32m 5[2mms[22m[39m
 [32m✓[39m [30m[46m tooling [49m[39m test/scripts/test-projects.test.ts[2m > [22mscripts/test-projects changed-target routing[2m > [22mroutes candidate reuse library changes through the owner test for scripts/lib/full-release-candidate-reuse.mjs[32m 3[2mms[22m[39m
 [32m✓[39m [30m[46m tooling [49m[39m test/scripts/test-projects.test.ts[2m > [22mscripts/test-projects changed-target routing[2m > [22mroutes candidate reuse library changes through the owner test for scripts/lib/full-release-candidate-reuse.d.mts[32m 1[2mms[22m[39m
 [32m✓[39m [30m[46m tooling [49m[39m test/scripts/test-projects.test.ts[2m > [22mscripts/test-projects changed-target routing[2m > [22mkeeps full release candidate workflow edits on candidate contract tests[33m 2071[2mms[22m[39m
 [32m✓[39m [30m[46m tooling [49m[39m test/scripts/test-projects.test.ts[2m > [22mscripts/test-projects changed-target routing[2m > [22munions semantic workflow owners with bounded direct references[32m 199[2mms[22m[39m
 [32m✓[39m [30m[46m tooling [49m[39m test/scripts/test-projects.test.ts[2m > [22mscripts/test-projects changed-target routing[2m > [22munions exact owners and references for .github/workflows/plugin-npm-release.yml[32m 158[2mms[22m[39m
 [32m✓[39m [30m[46m tooling [49m[39m test/scripts/test-projects.test.ts[2m > [22mscripts/test-projects changed-target routing[2m > [22munions exact owners and references for .github/actions/setup-node-env/action.y…[32m 195[2mms[22m[39m
 [32m✓[39m [30m[46m tooling [49m[39m test/scripts/test-projects.test.ts[2m > [22mscripts/test-projects changed-target routing[2m > [22mroutes the Bun image consumer to its executable action regression[32m 1[2mms[22m[39m
 [32m✓[39m [30m[46m tooling [49m[39m test/scripts/test-projects.test.ts[2m > [22mscripts/test-projects changed-target routing[2m > [22mroutes ClawHub publication through lifecycle and release workflow proof[33m 3138[2mms[22m[39m
 [32m✓[39m [30m[46m tooling [49m[39m test/scripts/test-projects.test.ts[2m > [22mscripts/test-projects changed-target routing[2m > [22mselects SDK publication regressions for scripts/write-plugin-sdk-entry-dts.ts[32m 9[2mms[22m[39m
 [32m✓[39m [30m[46m tooling [49m[39m test/scripts/test-projects.test.ts[2m > [22mscripts/test-projects changed-target routing[2m > [22mselects SDK publication regressions for scripts/lib/local-check-runtime.mts[32m 5[2mms[22m[39m
 [32m✓[39m [30m[46m tooling [49m[39m test/scripts/test-projects.test.ts[2m > [22mscripts/test-projects changed-target routing[2m > [22mdoes not scan direct references for semantic non-YAML tooling[32m 49[2mms[22m[39m
 [32m✓[39m [30m[46m tooling [49m[39m test/scripts/test-projects.test.ts[2m > [22mscripts/test-projects changed-target routing[2m > [22mkeeps npm release workflow edits on the preflight cache guard[33m 2845[2mms[22m[39m
 [32m✓[39m [30m[46m tooling [49m[39m test/scripts/test-projects.test.ts[2m > [22mscripts/test-projects changed-target routing[2m > [22mroutes release workflow edits through their owning regression tests for .github/workflows/docker-release.yml[33m 4018[2mms[22m[39m
 [32m✓[39m [30m[46m tooling [49m[39m test/scripts/test-projects.test.ts[2m > [22mscripts/test-projects changed-target routing[2m > [22mroutes release workflow edits through their owning regression tests for .github/workflows/openclaw-release-publ…[33m 3307[2mms[22m[39m
 [32m✓[39m [30m[46m tooling [49m[39m test/scripts/test-projects.test.ts[2m > [22mscripts/test-projects changed-target routing[2m > [22mroutes release workflow edits through their owning regression tests for .github/workflows/vercel-container-regi…[33m 4682[2mms[22m[39m
 [32m✓[39m [30m[46m tooling [49m[39m test/scripts/test-projects.test.ts[2m > [22mscripts/test-projects changed-target routing[2m > [22mselects OCI publication proof for read-only Docker preparation changes[33m 4761[2mms[22m[39m
 [32m✓[39m [30m[46m tooling [49m[39m test/scripts/test-projects.test.ts[2m > [22mscripts/test-projects changed-target routing[2m > [22mkeeps generated locale publisher and inventory edits on workflow guards[33m 6606[2mms[22m[39m
 [32m✓[39m [30m[46m tooling [49m[39m test/scripts/test-projects.test.ts[2m > [22mscripts/test-projects changed-target routing[2m > [22mkeeps PR automation workflow edits on workflow guard tests[33m 17175[2mms[22m[39m
 [32m✓[39m [30m[46m tooling [49m[39m test/scripts/test-projects.test.ts[2m > [22mscripts/test-projects changed-target routing[2m > [22mkeeps security-sensitive guard workflow edits on guard workflow tests[33m 5562[2mms[22m[39m
 [32m✓[39m [30m[46m tooling [49m[39m test/scripts/test-projects.test.ts[2m > [22mscripts/test-projects changed-target routing[2m > [22mkeeps Crabbox and Testbox workflow edits on workflow regression tests[33m 24818[2mms[22m[39m
 [32m✓[39m [30m[46m tooling [49m[39m test/scripts/test-projects.test.ts[2m > [22mscripts/test-projects changed-target routing[2m > [22mroutes Periphery workflow edits through their scope regression tests[33m 15635[2mms[22m[39m
 [32m✓[39m [30m[46m tooling [49m[39m test/scripts/test-projects.test.ts[2m > [22mscripts/test-projects changed-target routing[2m > [22mroutes docs-sync-publish edits through docs, workflow, and native Git owner proof[33m 4607[2mms[22m[39m
 [32m✓[39m [30m[46m tooling [49m[39m test/scripts/test-projects.test.ts[2m > [22mscripts/test-projects changed-target routing[2m > [22mroutes docs-agent edits through docs, workflow, and native Git owner proof[33m 4894[2mms[22m[39m
 [32m✓[39m [30m[46m tooling [49m[39m test/scripts/test-projects.test.ts[2m > [22mscripts/test-projects changed-target routing[2m > [22mkeeps Mantis proof workflow edits on workflow evidence regression tests[33m 35162[2mms[22m[39m
 [32m✓[39m [30m[46m tooling [49m[39m test/scripts/test-projects.test.ts[2m > [22mscripts/test-projects changed-target routing[2m > [22mkeeps release-check workflow edits on release workflow regression tests[33m 2873[2mms[22m[39m
 [32m✓[39m [30m[46m tooling [49m[39m test/scripts/test-projects.test.ts[2m > [22mscripts/test-projects changed-target routing[2m > [22mkeeps workflow sanity script edits on workflow guard tests[32m 2[2mms[22m[39m
 [32m✓[39m [30m[46m tooling [49m[39m test/scripts/test-projects.test.ts[2m > [22mscripts/test-projects changed-target routing[2m > [22mkeeps workflow helper guard edits on their regression tests[32m 1[2mms[22m[39m
 [32m✓[39m [30m[46m tooling [49m[39m test/scripts/test-projects.test.ts[2m > [22mscripts/test-projects changed-target routing[2m > [22mkeeps CI, dependency, and docs tooling edits on owner tests[33m 2822[2mms[22m[39m
 [32m✓[39m [30m[46m tooling [49m[39m test/scripts/test-projects.test.ts[2m > [22mscripts/test-projects changed-target routing[2m > [22mroutes shared contract ownership and declarations through every affected lane[32m 3[2mms[22m[39m
 [32m✓[39m [30m[46m tooling [49m[39m test/scripts/test-projects.test.ts[2m > [22mscripts/test-projects changed-target routing[2m > [22mkeeps QA Lab gateway smoke script edits on QA e2e tests[32m 2[2mms[22m[39m
 [32m✓[39m [30m[46m tooling [49m[39m test/scripts/test-projects.test.ts[2m > [22mscripts/test-projects changed-target routing[2m > [22mroutes explicit tooling implementation files to owner tests[32m 36[2mms[22m[39m
 [32m✓[39m [30m[46m tooling [49m[39m test/scripts/test-projects.test.ts[2m > [22mscripts/test-projects changed-target routing[2m > [22mroutes explicit source files through precise owner tests before broad globs[32m 9[2mms[22m[39m
 [32m✓[39m [30m[46m tooling [49m[39m test/scripts/test-projects.test.ts[2m > [22mscripts/test-projects changed-target routing[2m > [22mroutes gateway package targets through the gateway-client lane[32m 5[2mms[22m[39m
 [32m✓[39m [30m[46m tooling [49m[39m test/scripts/test-projects.test.ts[2m > [22mscripts/test-projects changed-target routing[2m > [22mrecords exact default-unit ownership for src/selector/one.test.ts without removing CLI filters[32m 7[2mms[22m[39m
 [32m✓[39m [30m[46m tooling [49m[39m test/scripts/test-projects.test.ts[2m > [22mscripts/test-projects changed-target routing[2m > [22mrecords exact default-unit ownership for ./src/selector/one.test.ts without removing CLI filters[32m 3[2mms[22m[39m
 [32m✓[39m [30m[46m tooling [49m[39m test/scripts/test-projects.test.ts[2m > [22mscripts/test-projects changed-target routing[2m > [22mkeeps unsupported default-unit targets on the CLI route: "src/selector/missing.test.ts"[32m 3[2mms[22m[39m
 [32m✓[39m [30m[46m tooling [49m[39m test/scripts/test-projects.test.ts[2m > [22mscripts/test-projects changed-target routing[2m > [22mkeeps unsupported default-unit targets on the CLI route: "src/selector/one.spec.ts"[32m 4[2mms[22m[39m
 [32m✓[39m [30m[46m tooling [49m[39m test/scripts/test-projects.test.ts[2m > [22mscripts/test-projects changed-target routing[2m > [22mkeeps unsupported default-unit targets on the CLI route: "src/selector/*.test.ts"[32m 3[2mms[22m[39m
 [32m✓[39m [30m[46m tooling [49m[39m test/scripts/test-projects.test.ts[2m > [22mscripts/test-projects changed-target routing[2m > [22mkeeps unsupported default-unit targets on the CLI route: "src/selector/one.test.ts"[32m 2[2mms[22m[39m
 [32m✓[39m [30m[46m tooling [49m[39m test/scripts/test-projects.test.ts[2m > [22mscripts/test-projects changed-target routing[2m > [22mkeeps unsupported default-unit targets on the CLI route: "src/selector/one.test.ts"[32m 2[2mms[22m[39m
 [32m✓[39m [30m[46m tooling [49m[39m test/scripts/test-projects.test.ts[2m > [22mscripts/test-projects changed-target routing[2m > [22mkeeps unsupported default-unit targets on the CLI route: "src/selector/one.live.test.ts"[32m 6[2mms[22m[39m
 [32m✓[39m [30m[46m tooling [49m[39m test/scripts/test-projects.test.ts[2m > [22mscripts/test-projects changed-target routing[2m > [22mkeeps unsupported default-unit targets on the CLI route: "outside/one.test.ts"[32m 14[2mms[22m[39m
 [32m✓[39m [30m[46m tooling [49m[39m test/scripts/test-projects.test.ts[2m > [22mscripts/test-projects changed-target routing[2m > [22mpreserves absolute and watch default-unit target semantics[32m 5[2mms[22m[39m
 [32m✓[39m [30m[46m tooling [49m[39m test/scripts/test-projects.test.ts[2m > [22mscripts/test-projects changed-target routing[2m > [22mkeeps inherited default-unit include files intersected with the CLI target[32m 14[2mms[22m[39m
 [32m✓[39m [30m[46m tooling [49m[39m test/scripts/test-projects.test.ts[2m > [22mscripts/test-projects changed-target routing[2m > [22mroutes explicit imported source files through import-graph tests[32m 273[2mms[22m[39m
 [32m✓[39m [30m[46m tooling [49m[39m test/scripts/test-projects.test.ts[2m > [22mscripts/test-projects changed-target routing[2m > [22mdeduplicates explicit source tests that share import-graph owners[33m 427[2mms[22m[39m
 [32m✓[39m [30m[46m tooling [49m[39m test/scripts/test-projects.test.ts[2m > [22mscripts/test-projects changed-target routing[2m > [22mpreserves Git membership for large changed and explicit test inventories[33m 435[2mms[22m[39m
 [32m✓[39m [30m[46m tooling [49m[39m test/scripts/test-projects.test.ts[2m > [22mscripts/test-projects changed-target routing[2m > [22mfollows converging import frontiers without crossing test boundaries[33m 383[2mms[22m[39m
 [32m✓[39m [30m[46m tooling [49m[39m test/scripts/test-projects.test.ts[2m > [22mscripts/test-projects changed-target routing[2m > [22mcompletes broad-name fallback without synchronous source opens[33m 575[2mms[22m[39m
 [32m✓[39m [30m[46m tooling [49m[39m test/scripts/test-projects.test.ts[2m > [22mscripts/test-projects changed-target routing[2m > [22mkeeps tooling imports direct while preserving literal file references (Git inventory)[33m 345[2mms[22m[39m
 [32m✓[39m [30m[46m tooling [49m[39m test/scripts/test-projects.test.ts[2m > [22mscripts/test-projects changed-target routing[2m > [22mkeeps tooling imports direct while preserving literal file references (filesystem inventory)[32m 287[2mms[22m[39m
 [32m✓[39m [30m[46m tooling [49m[39m test/scripts/test-projects.test.ts[2m > [22mscripts/test-projects changed-target routing[2m > [22mroutes many explicit source files through one import-graph-backed owner set[32m 169[2mms[22m[39m
 [32m✓[39m [30m[46m tooling [49m[39m test/scripts/test-projects.test.ts[2m > [22mscripts/test-projects changed-target routing[2m > [22mdoes not route live tests through the normal changed-test lane[32m 2[2mms[22m[39m
 [32m✓[39m [30m[46m tooling [49m[39m test/scripts/test-projects.test.ts[2m > [22mscripts/test-projects changed-target routing[2m > [22mroutes changed extension vitest configs to their own shard[32m 2[2mms[22m[39m
 [32m✓[39m [30m[46m tooling [49m[39m test/scripts/test-projects.test.ts[2m > [22mscripts/test-projects changed-target routing[2m > [22mroutes the shell helper test to the isolated tooling shard[32m 2[2mms[22m[39m
 [32m✓[39m [30m[46m tooling [49m[39m test/scripts/test-projects.test.ts[2m > [22mscripts/test-projects changed-target routing[2m > [22mroutes bundled provider auth parity test test/plugins/bundled-provider-auth-literal-parity.test.ts to the isolated tooling shard[32m 1[2mms[22m[39m
 [32m✓[39m [30m[46m tooling [49m[39m test/scripts/test-projects.test.ts[2m > [22mscripts/test-projects changed-target routing[2m > [22mroutes bundled provider auth parity test test/plugins/bundled-provider-auth-literal-parity.2.test.ts to the isolated tooling shard[32m 2[2mms[22m[39m
 [32m✓[39m [30m[46m tooling [49m[39m test/scripts/test-projects.test.ts[2m > [22mscripts/test-projects changed-target routing[2m > [22mroutes bundled provider auth parity test test/plugins/bundled-provider-auth-literal-parity.3.test.ts to the isolated tooling shard[32m 1[2mms[22m[39m
 [32m✓[39m [30m[46m tooling [49m[39m test/scripts/test-projects.test.ts[2m > [22mscripts/test-projects changed-target routing[2m > [22mroutes process-group test test/scripts/check-extension-package-tsc-boundary.test.ts to the isolated tooling shard[32m 1[2mms[22m[39m
 [32m✓[39m [30m[46m tooling [49m[39m test/scripts/test-projects.test.ts[2m > [22mscripts/test-projects changed-target routing[2m > [22mroutes process-group test test/scripts/check-plugin-sdk-wildcard-reexports.test.ts to the isolated tooling shard[32m 2[2mms[22m[39m
 [32m✓[39m [30m[46m tooling [49m[39m test/scripts/test-projects.test.ts[2m > [22mscripts/test-projects changed-target routing[2m > [22mroutes process-group test test/scripts/control-ui-i18n.test.ts to the isolated tooling shard[32m 3[2mms[22m[39m
 [32m✓[39m [30m[46m tooling [49m[39m test/scripts/test-projects.test.ts[2m > [22mscripts/test-projects changed-target routing[2m > [22mroutes host-owned database consumer src/agents/agent-tools.at-prefixed-remote-paths.test.ts to the infra fork shard[32m 2[2mms[22m[39m
 [32m✓[39m [30m[46m tooling [49m[39m test/scripts/test-projects.test.ts[2m > [22mscripts/test-projects changed-target routing[2m > [22mroutes host-owned database consumer src/agents/agent-tools.create-openclaw-coding-tools.test.ts to the infra fork shard[32m 1[2mms[22m[39m
 [32m✓[39m [30m[46m tooling [49m[39m test/scripts/test-projects.test.ts[2m > [22mscripts/test-projects changed-target routing[2m > [22mroutes host-owned database consumer src/agents/memory-write-provenance.test.ts to the infra fork shard[32m 1[2mms[22m[39m
 [32m✓[39m [30m[46m tooling [49m[39m test/scripts/test-projects.test.ts[2m > [22mscripts/test-projects changed-target routing[2m > [22mroutes host-owned database consumer src/memory/memory-artifact-provenance.test.ts to the infra fork shard[32m 2[2mms[22m[39m
 [32m✓[39m [30m[46m tooling [49m[39m test/scripts/test-projects.test.ts[2m > [22mscripts/test-projects changed-target routing[2m > [22mroutes host-owned database consumer src/plugin-sdk/memory-host-core.test.ts to the infra fork shard[32m 2[2mms[22m[39m
 [32m✓[39m [30m[46m tooling [49m[39m test/scripts/test-projects.test.ts[2m > [22mscripts/test-projects changed-target routing[2m > [22mroutes host-owned database consumer src/plugin-sdk/memory-host-events.test.ts to the infra fork shard[32m 2[2mms[22m[39m
 [32m✓[39m [30m[46m tooling [49m[39m test/scripts/test-projects.test.ts[2m > [22mscripts/test-projects changed-target routing[2m > [22mroutes host-owned database consumer src/plugin-sdk/outbound-media.test.ts to the infra fork shard[32m 1[2mms[22m[39m
 [32m✓[39m [30m[46m tooling [49m[39m test/scripts/test-projects.test.ts[2m > [22mscripts/test-projects changed-target routing[2m > [22mroutes host-owned database consumer src/plugin-sdk/outbound-media.bulk.test.ts to the infra fork shard[32m 1[2mms[22m[39m
 [32m✓[39m [30m[46m tooling [49m[39m test/scripts/test-projects.test.ts[2m > [22mscripts/test-projects changed-target routing[2m > [22mroutes host-owned database consumer src/plugin-sdk/outbound-media.retention.test.ts to the infra fork shard[32m 1[2mms[22m[39m
 [32m✓[39m [30m[46m tooling [49m[39m test/scripts/test-projects.test.ts[2m > [22mscripts/test-projects changed-target routing[2m > [22mroutes host-owned database consumer src/plugin-sdk/provider-auth.test.ts to the infra fork shard[32m 1[2mms[22m[39m
 [32m✓[39m [30m[46m tooling [49m[39m test/scripts/test-projects.test.ts[2m > [22mscripts/test-projects changed-target routing[2m > [22mroutes host-owned database consumer src/plugin-sdk/provider-auth-copilot-cache.test.ts to the infra fork shard[32m 1[2mms[22m[39m
 [32m✓[39m [30m[46m tooling [49m[39m test/scripts/test-projects.test.ts[2m > [22mscripts/test-projects changed-target routing[2m > [22mroutes host-owned database consumer src/plugins/doctor-contract-registry.load-paths.test.ts to the infra fork shard[32m 1[2mms[22m[39m
 [32m✓[39m [30m[46m tooling [49m[39m test/scripts/test-projects.test.ts[2m > [22mscripts/test-projects changed-target routing[2m > [22mroutes host-owned database consumer src/tasks/task-registry.test.ts to the infra fork shard[32m 2[2mms[22m[39m
 [32m✓[39m [30m[46m tooling [49m[39m test/scripts/test-projects.test.ts[2m > [22mscripts/test-projects changed-target routing[2m > [22mroutes host-owned database consumer test/plugins/beam-http-identity.test.ts to the infra fork shard[32m 2[2mms[22m[39m
 [32m✓[39m [30m[46m tooling [49m[39m test/scripts/test-projects.test.ts[2m > [22mscripts/test-projects changed-target routing[2m > [22mroutes host-owned database consumer src/plugin-sdk/runtime-doctor-migrations.test.ts to the infra fork shard[32m 1[2mms[22m[39m
 [32m✓[39m [30m[46m tooling [49m[39m test/scripts/test-projects.test.ts[2m > [22mscripts/test-projects changed-target routing[2m > [22mroutes host-owned database consumer src/plugin-state/plugin-state-store.test.ts to the infra fork shard[32m 1[2mms[22m[39m
 [32m✓[39m [30m[46m tooling [49m[39m test/scripts/test-projects.test.ts[2m > [22mscripts/test-projects changed-target routing[2m > [22mroutes host-owned database consumer src/plugin-state/plugin-state-store.bulk.test.ts to the infra fork shard[32m 1[2mms[22m[39m
 [32m✓[39m [30m[46m tooling [49m[39m test/scripts/test-projects.test.ts[2m > [22mscripts/test-projects changed-target routing[2m > [22mroutes host-owned database consumer src/plugin-state/plugin-state-store.errors.test.ts to the infra fork shard[32m 1[2mms[22m[39m
 [32m✓[39m [30m[46m tooling [49m[39m test/scripts/test-projects.test.ts[2m > [22mscripts/test-projects changed-target routing[2m > [22mroutes host-owned database consumer src/plugin-state/plugin-state-store.expiry.test.ts to the infra fork shard[32m 1[2mms[22m[39m
 [32m✓[39m [30m[46m tooling [49m[39m test/scripts/test-projects.test.ts[2m > [22mscripts/test-projects changed-target routing[2m > [22mroutes host-owned database consumer src/plugin-state/plugin-state-store.fresh-store.test.ts to the infra fork shard[32m 1[2mms[22m[39m
 [32m✓[39m [30m[46m tooling [49m[39m test/scripts/test-projects.test.ts[2m > [22mscripts/test-projects changed-target routing[2m > [22mroutes host-owned database consumer src/plugin-state/plugin-state-store.retention.test.ts to the infra fork shard[32m 1[2mms[22m[39m
 [32m✓[39m [30m[46m tooling [49m[39m test/scripts/test-projects.test.ts[2m > [22mscripts/test-projects changed-target routing[2m > [22mroutes host-owned database consumer src/plugin-state/plugin-state-store.runtime.test.ts to the infra fork shard[32m 1[2mms[22m[39m
 [32m✓[39m [30m[46m tooling [49m[39m test/scripts/test-projects.test.ts[2m > [22mscripts/test-projects changed-target routing[2m > [22mroutes host-owned database consumer src/plugin-state/plugin-state-store.schema.test.ts to the infra fork shard[32m 1[2mms[22m[39m
 [32m✓[39m [30m[46m tooling [49m[39m test/scripts/test-projects.test.ts[2m > [22mscripts/test-projects changed-target routing[2m > [22mpreserves database consumer coverage for source target src/plugin-sdk/memory-host-events.ts[32m 2[2mms[22m[39m
 [32m✓[39m [30m[46m tooling [49m[39m test/scripts/test-projects.test.ts[2m > [22mscripts/test-projects changed-target routing[2m > [22mpreserves database consumer coverage for source target src/plugin-sdk/persistent-dedupe.ts[32m 3[2mms[22m[39m
 [32m✓[39m [30m[46m tooling [49m[39m test/scripts/test-projects.test.ts[2m > [22mscripts/test-projects changed-target routing[2m > [22mpreserves watch selection across database ownership for src/agents/**/*.test.ts[32m 5[2mms[22m[39m
 [32m✓[39m [30m[46m tooling [49m[39m test/scripts/test-projects.test.ts[2m > [22mscripts/test-projects changed-target routing[2m > [22mpreserves watch selection across database ownership for test/plugins[32m 2[2mms[22m[39m
 [32m✓[39m [30m[46m tooling [49m[39m test/scripts/test-projects.test.ts[2m > [22mscripts/test-projects changed-target routing[2m > [22mpreserves watch selection across database ownership for src/plugin-state[32m 1[2mms[22m[39m
 [32m✓[39m [30m[46m tooling [49m[39m test/scripts/test-projects.test.ts[2m > [22mscripts/test-projects changed-target routing[2m > [22mretains the mixed watch rejection for src/agents/**/*.test.ts and test/plugins[32m 6[2mms[22m[39m
 [32m✓[39m [30m[46m tooling [49m[39m test/scripts/test-projects.test.ts[2m > [22mscripts/test-projects changed-target routing[2m > [22mretains the mixed watch rejection for src/plugin-sdk/memory-host-events.test.ts and src/plugin-sdk/provider-auth.test.ts[32m 5[2mms[22m[39m
 [32m✓[39m [30m[46m tooling [49m[39m test/scripts/test-projects.test.ts[2m > [22mscripts/test-projects changed-target routing[2m > [22mretains the mixed watch rejection for src/plugin-sdk/outbound-media.bulk.test.ts and src/plugin-sdk/provider-auth.test.ts[32m 24[2mms[22m[39m
 [32m✓[39m [30m[46m tooling [49m[39m test/scripts/test-projects.test.ts[2m > [22mscripts/test-projects changed-target routing[2m > [22mpreserves whole-owner watch coverage for test/vitest/vitest.plugins.config.ts with src/plugins/doctor-contract-registry.load-paths.test.ts[32m 19[2mms[22m[39m
 [32m✓[39m [30m[46m tooling [49m[39m test/scripts/test-projects.test.ts[2m > [22mscripts/test-projects changed-target routing[2m > [22mpreserves whole-owner watch coverage for test/vitest/vitest.plugin-sdk.config.ts with src/plugin-sdk/provider-auth.test.ts[32m 13[2mms[22m[39m
 [32m✓[39m [30m[46m tooling [49m[39m test/scripts/test-projects.test.ts[2m > [22mscripts/test-projects changed-target routing[2m > [22mretains database worker ownership for directory and glob target src/plugin-state[32m 4[2mms[22m[39m
 [32m✓[39m [30m[46m tooling [49m[39m test/scripts/test-projects.test.ts[2m > [22mscripts/test-projects changed-target routing[2m > [22mretains database worker ownership for directory and glob target src/plugin-sdk[32m 77[2mms[22m[39m
 [32m✓[39m [30m[46m tooling [49m[39m test/scripts/test-projects.test.ts[2m > [22mscripts/test-projects changed-target routing[2m > [22mretains database worker ownership for directory and glob target src/agents[33m 550[2mms[22m[39m
 [32m✓[39m [30m[46m tooling [49m[39m test/scripts/test-projects.test.ts[2m > [22mscripts/test-projects changed-target routing[2m > [22mretains database worker ownership for directory and glob target test/plugins[32m 7[2mms[22m[39m
 [32m✓[39m [30m[46m tooling [49m[39m test/scripts/test-projects.test.ts[2m > [22mscripts/test-projects changed-target routing[2m > [22mroutes isolated agent test src/agents/cli-runner/bundle-mcp.user-config.test.ts to the isolated agents-core shard[32m 1[2mms[22m[39m
 [32m✓[39m [30m[46m tooling [49m[39m test/scripts/test-projects.test.ts[2m > [22mscripts/test-projects changed-target routing[2m > [22mroutes isolated agent test src/agents/failover/classify.legacy-provider-predicates.test.ts to the isolated agents-core shard[32m 1[2mms[22m[39m
 [32m✓[39m [30m[46m tooling [49m[39m test/scripts/test-projects.test.ts[2m > [22mscripts/test-projects changed-target routing[2m > [22mroutes isolated agent test src/agents/failover/failover-classification.corpus.test.ts to the isolated agents-core shard[32m 1[2mms[22m[39m
 [32m✓[39m [30m[46m tooling [49m[39m test/scripts/test-projects.test.ts[2m > [22mscripts/test-projects changed-target routing[2m > [22mroutes isolated agent test src/agents/failover/provider-structured-signals.test.ts to the isolated agents-core shard[32m 1[2mms[22m[39m
 [32m✓[39m [30m[46m tooling [49m[39m test/scripts/test-projects.test.ts[2m > [22mscripts/test-projects changed-target routing[2m > [22mroutes isolated agent test src/agents/media-generation-task-status-shared.test.ts to the isolated agents-core shard[32m 1[2mms[22m[39m
 [32m✓[39m [30m[46m tooling [49m[39m test/scripts/test-projects.test.ts[2m > [22mscripts/test-projects changed-target routing[2m > [22mroutes isolated agent test src/agents/media-generation-task-status.test.ts to the isolated agents-core shard[32m 1[2mms[22m[39m
 [32m✓[39m [30m[46m tooling [49m[39m test/scripts/test-projects.test.ts[2m > [22mscripts/test-projects changed-target routing[2m > [22mroutes isolated agent test src/agents/mcp-http-fetch.test.ts to the isolated agents-core shard[32m 1[2mms[22m[39m
 [32m✓[39m [30m[46m tooling [49m[39m test/scripts/test-projects.test.ts[2m > [22mscripts/test-projects changed-target routing[2m > [22mroutes isolated agent test src/agents/mcp-transport.test.ts to the isolated agents-core shard[32m 1[2mms[22m[39m
 [32m✓[39m [30m[46m tooling [49m[39m test/scripts/test-projects.test.ts[2m > [22mscripts/test-projects changed-target routing[2m > [22mroutes isolated agent test src/agents/model-catalog-visibility.test.ts to the isolated agents-core shard[32m 1[2mms[22m[39m
 [32m✓[39m [30m[46m tooling [49m[39m test/scripts/test-projects.test.ts[2m > [22mscripts/test-projects changed-target routing[2m > [22mroutes isolated agent test src/agents/model-auth-env.provider-aliases.test.ts to the isolated agents-core shard[32m 1[2mms[22m[39m
 [32m✓[39m [30m[46m tooling [49m[39m test/scripts/test-projects.test.ts[2m > [22mscripts/test-projects changed-target routing[2m > [22mroutes isolated agent test src/agents/model-selection.plugin-runtime.test.ts to the isolated agents-core shard[32m 1[2mms[22m[39m
 [32m✓[39m [30m[46m tooling [49m[39m test/scripts/test-projects.test.ts[2m > [22mscripts/test-projects changed-target routing[2m > [22mroutes isolated agent test src/agents/models-config.runtime-source-snapshot.test.ts to the isolated agents-core shard[32m 1[2mms[22m[39m
 [32m✓[39m [30m[46m tooling [49m[39m test/scripts/test-projects.test.ts[2m > [22mscripts/test-projects changed-target routing[2m > [22mroutes isolated agent test src/agents/openai-transport-stream.streaming.test.ts to the isolated agents-core shard[32m 1[2mms[22m[39m
 [32m✓[39m [30m[46m tooling [49m[39m test/scripts/test-projects.test.ts[2m > [22mscripts/test-projects changed-target routing[2m > [22mroutes isolated agent test src/agents/subagents/announce/subagent-announce.test.ts to the isolated agents-core shard[32m 1[2mms[22m[39m
 [32m✓[39m [30m[46m tooling [49m[39m test/scripts/test-projects.test.ts[2m > [22mscripts/test-projects changed-target routing[2m > [22mroutes isolated agent test src/agents/subagents/registry/subagent-registry.announce-loop-guard.test.ts to the isolated agents-core shard[32m 1[2mms[22m[39m
 [32m✓[39m [30m[46m tooling [49m[39m test/scripts/test-projects.test.ts[2m > [22mscripts/test-projects changed-target routing[2m > [22mroutes isolated agent test src/agents/subagents/registry/subagent-registry-restart-recovery-notice.test.ts to the isolated agents-core shard[32m 1[2mms[22m[39m
 [32m✓[39m [30m[46m tooling [49m[39m test/scripts/test-projects.test.ts[2m > [22mscripts/test-projects changed-target routing[2m > [22mroutes isolated agent test src/agents/subagents/registry/subagent-registry-restart-recovery.test.ts to the isolated agents-core shard[32m 1[2mms[22m[39m
 [32m✓[39m [30m[46m tooling [49m[39m test/scripts/test-projects.test.ts[2m > [22mscripts/test-projects changed-target routing[2m > [22mroutes isolated agent test src/agents/subagents/spawn/subagent-spawn.authority.test.ts to the isolated agents-core shard[32m 1[2mms[22m[39m
 [32m✓[39m [30m[46m tooling [49m[39m test/scripts/test-projects.test.ts[2m > [22mscripts/test-projects changed-target routing[2m > [22mroutes production-boundary agent test src/agents/subagents/spawn/subagent-spawn.production-boundary.test.ts to its dedicated shard[32m 1[2mms[22m[39m
 [32m✓[39m [30m[46m tooling [49m[39m test/scripts/test-projects.test.ts[2m > [22mscripts/test-projects changed-target routing[2m > [22mroutes focused agent test src/agents/agent-scope.test.ts to its owning shard[32m 4[2mms[22m[39m
 [32m✓[39m [30m[46m tooling [49m[39m test/scripts/test-projects.test.ts[2m > [22mscripts/test-projects changed-target routing[2m > [22mroutes focused agent test src/agents/agent-command.compaction-rotation.test.ts to its owning shard[32m 2[2mms[22m[39m
 [32m✓[39m [30m[46m tooling [49m[39m test/scripts/test-projects.test.ts[2m > [22mscripts/test-projects changed-target routing[2m > [22mroutes focused agent test src/agents/agent-command.embedded-maintenance.test.ts to its owning shard[32m 2[2mms[22m[39m
 [32m✓[39m [30m[46m tooling [49m[39m test/scripts/test-projects.test.ts[2m > [22mscripts/test-projects changed-target routing[2m > [22mroutes focused agent test src/agents/embedded-agent-runner/run.before-agent-reply-cron.test.ts to its owning shard[32m 3[2mms[22m[39m
 [32m✓[39m [30m[46m tooling [49m[39m test/scripts/test-projects.test.ts[2m > [22mscripts/test-projects changed-target routing[2m > [22mroutes focused agent test src/agents/embedded-agent-runner/run.inherited-auth-owner.test.ts to its owning shard[32m 2[2mms[22m[39m
 [32m✓[39m [30m[46m tooling [49m[39m test/scripts/test-projects.test.ts[2m > [22mscripts/test-projects changed-target routing[2m > [22mroutes focused agent test src/agents/embedded-agent-runner/run.session-permissions.test.ts to its owning shard[32m 2[2mms[22m[39m
 [32m✓[39m [30m[46m tooling [49m[39m test/scripts/test-projects.test.ts[2m > [22mscripts/test-projects changed-target routing[2m > [22mroutes focused agent test src/agents/embedded-agent-runner/run.overflow-compaction.test.ts to its owning shard[32m 2[2mms[22m[39m
 [32m✓[39m [30m[46m tooling [49m[39m test/scripts/test-projects.test.ts[2m > [22mscripts/test-projects changed-target routing[2m > [22mroutes focused agent test src/agents/embedded-agent-runner/run.prepared-harness-source-delivery.integration.test.ts to its owning shard[32m 3[2mms[22m[39m
 [32m✓[39m [30m[46m tooling [49m[39m test/scripts/test-projects.test.ts[2m > [22mscripts/test-projects changed-target routing[2m > [22mroutes focused agent test src/agents/embedded-agent-runner/run/attempt.abort-race.test.ts to its owning shard[32m 2[2mms[22m[39m
 [32m✓[39m [30m[46m tooling [49m[39m test/scripts/test-projects.test.ts[2m > [22mscripts/test-projects changed-target routing[2m > [22mroutes focused agent test src/agents/runtime-plan/tools.test.ts to its owning shard[32m 2[2mms[22m[39m
 [32m✓[39m [30m[46m tooling [49m[39m test/scripts/test-projects.test.ts[2m > [22mscripts/test-projects changed-target routing[2m > [22mroutes focused agent test src/agents/tools/cron-tool.pacing.test.ts to its owning shard[32m 2[2mms[22m[39m
 [32m✓[39m [30m[46m tooling [49m[39m test/scripts/test-projects.test.ts[2m > [22mscripts/test-projects changed-target routing[2m > [22mkeeps split command compaction and model-switch tests in the runtime owner shard[32m 4[2mms[22m[39m
 [32m✓[39m [30m[46m tooling [49m[39m test/scripts/test-projects.test.ts[2m > [22mscripts/test-projects changed-target routing[2m > [22mroutes every split incomplete-turn test to its dedicated serial shard[32m 3[2mms[22m[39m
 [32m✓[39m [30m[46m tooling [49m[39m test/scripts/test-projects.test.ts[2m > [22mscripts/test-projects changed-target routing[2m > [22mroutes focused agent directory src/agents/embedded-agent-runner/run to its owning shard[32m 2[2mms[22m[39m
 [32m✓[39m [30m[46m tooling [49m[39m test/scripts/test-projects.test.ts[2m > [22mscripts/test-projects changed-target routing[2m > [22mroutes focused agent directory src/agents/runtime-plan to its owning shard[32m 2[2mms[22m[39m
 [32m✓[39m [30m[46m tooling [49m[39m test/scripts/test-projects.test.ts[2m > [22mscripts/test-projects changed-target routing[2m > [22mroutes focused agent directory src/agents/tools to its owning shard[32m 1[2mms[22m[39m
 [32m✓[39m [30m[46m tooling [49m[39m test/scripts/test-projects.test.ts[2m > [22mscripts/test-projects changed-target routing[2m > [22mkeeps shuffle options on the single owning embedded-run shard[32m 2[2mms[22m[39m
 [32m✓[39m [30m[46m tooling [49m[39m test/scripts/test-projects.test.ts[2m > [22mscripts/test-projects changed-target routing[2m > [22msplits the embedded-agent parent directory across every isolated harness[32m 34[2mms[22m[39m
 [32m✓[39m [30m[46m tooling [49m[39m test/scripts/test-projects.test.ts[2m > [22mscripts/test-projects changed-target routing[2m > [22mkeeps the broad agent test glob complete across agent and database owners[32m 1[2mms[22m[39m
 [32m✓[39m [30m[46m tooling [49m[39m test/scripts/test-projects.test.ts[2m > [22mscripts/test-projects changed-target routing[2m > [22mroutes focused agent glob src/agents/embedded-agent-runner/run/*.test.ts to its owning shard[32m 2[2mms[22m[39m
 [32m✓[39m [30m[46m tooling [49m[39m test/scripts/test-projects.test.ts[2m > [22mscripts/test-projects changed-target routing[2m > [22mroutes focused agent glob src/agents/runtime-plan/**/*.test.ts to its owning shard[32m 2[2mms[22m[39m
 [32m✓[39m [30m[46m tooling [49m[39m test/scripts/test-projects.test.ts[2m > [22mscripts/test-projects changed-target routing[2m > [22mroutes focused agent glob src/agents/tools/**/*.test.ts to its owning shard[32m 2[2mms[22m[39m
 [32m✓[39m [30m[46m tooling [49m[39m test/scripts/test-projects.test.ts[2m > [22mscripts/test-projects changed-target routing[2m > [22mkeeps mixed embedded-agent and cron-tool targets in their owning shards[32m 5[2mms[22m[39m
 [32m✓[39m [30m[46m tooling [49m[39m test/scripts/test-projects.test.ts[2m > [22mscripts/test-projects changed-target routing[2m > [22mroutes Docker E2E script targets to their owner tooling tests[33m 8071[2mms[22m[39m
 [32m✓[39m [30m[46m tooling [49m[39m test/scripts/test-projects.test.ts[2m > [22mscripts/test-projects changed-target routing[2m > [22mroutes changed Parallels process helpers to their owner tooling tests[32m 13[2mms[22m[39m
 [32m✓[39m [30m[46m tooling [49m[39m test/scripts/test-projects.test.ts[2m > [22mscripts/test-projects changed-target routing[2m > [22mroutes mac restart helpers through restart-mac owner tests[33m 1839[2mms[22m[39m
 [32m✓[39m [30m[46m tooling [49m[39m test/scripts/test-projects.test.ts[2m > [22mscripts/test-projects changed-target routing[2m > [22mroutes the shared MCP scenario through its Docker and client owners[32m 1[2mms[22m[39m
 [32m✓[39m [30m[46m tooling [49m[39m test/scripts/test-projects.test.ts[2m > [22mscripts/test-projects changed-target routing[2m > [22mroutes MCP and cron Docker E2E script targets instead of skipping changed tests[33m 5585[2mms[22m[39m
 [32m✓[39m [30m[46m tooling [49m[39m test/scripts/test-projects.test.ts[2m > [22mscripts/test-projects changed-target routing[2m > [22mroutes OpenAI image auth Docker E2E script targets instead of skipping changed tests[32m 1[2mms[22m[39m
 [32m✓[39m [30m[46m tooling [49m[39m test/scripts/test-projects.test.ts[2m > [22mscripts/test-projects changed-target routing[2m > [22mroutes package-backed Docker shell targets instead of skipping changed tests[32m 2[2mms[22m[39m
 [32m✓[39m [30m[46m tooling [49m[39m test/scripts/test-projects.test.ts[2m > [22mscripts/test-projects changed-target routing[2m > [22mroutes OpenClaw Docker E2E script targets instead of skipping changed tests[32m 3[2mms[22m[39m
 [32m✓[39m [30m[46m tooling [49m[39m test/scripts/test-projects.test.ts[2m > [22mscripts/test-projects changed-target routing[2m > [22mchunks the broad shell helper tooling shard after isolated targets[33m 638[2mms[22m[39m
 [32m✓[39m [30m[46m tooling [49m[39m test/scripts/test-projects.test.ts[2m > [22mscripts/test-projects changed-target routing[2m > [22mchunks broad shell helper globs after isolated targets[33m 686[2mms[22m[39m
 [32m✓[39m [30m[46m tooling [49m[39m test/scripts/test-projects.test.ts[2m > [22mscripts/test-projects changed-target routing[2m > [22mroutes the src scripts test root to the tooling shard[32m 131[2mms[22m[39m
 [32m✓[39m [30m[46m tooling [49m[39m test/scripts/test-projects.test.ts[2m > [22mscripts/test-projects changed-target routing[2m > [22mroutes exact source directory roots to their owning shards[33m 674[2mms[22m[39m
 [32m✓[39m [30m[46m tooling [49m[39m test/scripts/test-projects.test.ts[2m > [22mscripts/test-projects changed-target routing[2m > [22mroutes CLI process test src/cli/help-exit.process.test.ts through its isolated project[32m 5[2mms[22m[39m
 [32m✓[39m [30m[46m tooling [49m[39m test/scripts/test-projects.test.ts[2m > [22mscripts/test-projects changed-target routing[2m > [22mroutes CLI process test src/cli/update-dry-run-state.process.test.ts through its isolated project[32m 1[2mms[22m[39m
 [32m✓[39m [30m[46m tooling [49m[39m test/scripts/test-projects.test.ts[2m > [22mscripts/test-projects changed-target routing[2m > [22mroutes CLI process test src/cli/update-cli/update-command-migrated.test.ts through its isolated project[32m 1[2mms[22m[39m
 [32m✓[39m [30m[46m tooling [49m[39m test/scripts/test-projects.test.ts[2m > [22mscripts/test-projects changed-target routing[2m > [22mroutes CLI process test src/cli/update-cli/update-command-rollback.test.ts through its isolated project[32m 1[2mms[22m[39m
 [32m✓[39m [30m[46m tooling [49m[39m test/scripts/test-projects.test.ts[2m > [22mscripts/test-projects changed-target routing[2m > [22mroutes CLI process test src/cli/update-cli/update-command-post-update-recovery.test.ts through its isolated project[32m 1[2mms[22m[39m
 [32m✓[39m [30m[46m tooling [49m[39m test/scripts/test-projects.test.ts[2m > [22mscripts/test-projects changed-target routing[2m > [22mroutes CLI process test src/cli/update-cli/update-command-post-update-repair.test.ts through its isolated project[32m 1[2mms[22m[39m
 [32m✓[39m [30m[46m tooling [49m[39m test/scripts/test-projects.test.ts[2m > [22mscripts/test-projects changed-target routing[2m > [22mroutes CLI process test src/cli/update-cli/update-command-service.integration.test.ts through its isolated project[32m 1[2mms[22m[39m
 [32m✓[39m [30m[46m tooling [49m[39m test/scripts/test-projects.test.ts[2m > [22mscripts/test-projects changed-target routing[2m > [22mroutes CLI process test src/cli/one-shot-exit.test.ts through its isolated project[32m 1[2mms[22m[39m
 [32m✓[39m [30m[46m tooling [49m[39m test/scripts/test-projects.test.ts[2m > [22mscripts/test-projects changed-target routing[2m > [22mroutes CLI process test src/cli/program/subcli-descriptors.test.ts through its isolated project[32m 1[2mms[22m[39m
 [32m✓[39m [30m[46m tooling [49m[39m test/scripts/test-projects.test.ts[2m > [22mscripts/test-projects changed-target routing[2m > [22mroutes CLI process test src/cli/state-dir-gateway-check.process.test.ts through its isolated project[32m 1[2mms[22m[39m
 [32m✓[39m [30m[46m tooling [49m[39m test/scripts/test-projects.test.ts[2m > [22mscripts/test-projects changed-target routing[2m > [22mroutes CLI process test src/cli/state-dir-gateway-check.server.test.ts through its isolated project[32m 1[2mms[22m[39m
 [32m✓[39m [30m[46m tooling [49m[39m test/scripts/test-projects.test.ts[2m > [22mscripts/test-projects changed-target routing[2m > [22madds the CLI process project for broad CLI targets[32m 17[2mms[22m[39m
 [32m✓[39m [30m[46m tooling [49m[39m test/scripts/test-projects.test.ts[2m > [22mscripts/test-projects changed-target routing[2m > [22mrejects broad CLI watch targets that cross shared and process projects[32m 19[2mms[22m[39m
 [32m✓[39m [30m[46m tooling [49m[39m test/scripts/test-projects.test.ts[2m > [22mscripts/test-projects changed-target routing[2m > [22mkeeps broad shell helper watch targets in one tooling shard[32m 3[2mms[22m[39m
 [32m✓[39m [30m[46m tooling [49m[39m test/scripts/test-projects.test.ts[2m > [22mscripts/test-projects changed-target routing[2m > [22mpreserves post-separator Vitest args without parsing them as targets[32m 4[2mms[22m[39m
 [32m✓[39m [30m[46m tooling [49m[39m test/scripts/test-projects.test.ts[2m > [22mscripts/test-projects changed-target routing[2m > [22mkeeps pnpm-style leading separators out of target routing[32m 3[2mms[22m[39m
 [32m✓[39m [30m[46m tooling [49m[39m test/scripts/test-projects.test.ts[2m > [22mscripts/test-projects changed-target routing[2m > [22mprints wrapper help for --help without starting a broad local suite[33m 837[2mms[22m[39m
 [32m✓[39m [30m[46m tooling [49m[39m test/scripts/test-projects.test.ts[2m > [22mscripts/test-projects changed-target routing[2m > [22mprints wrapper help for -h without starting a broad local suite[33m 839[2mms[22m[39m
 [32m✓[39m [30m[46m tooling [49m[39m test/scripts/test-projects.test.ts[2m > [22mscripts/test-projects changed-target routing[2m > [22mallows explicit split Vitest config targets without treating them as unmatched tests[32m 7[2mms[22m[39m
 [32m✓[39m [30m[46m tooling [49m[39m test/scripts/test-projects.test.ts[2m > [22mscripts/test-projects changed-target routing[2m > [22mroutes explicit test-support helper files to affected tests[32m 48[2mms[22m[39m
 [32m✓[39m [30m[46m tooling [49m[39m test/scripts/test-projects.test.ts[2m > [22mscripts/test-projects changed-target routing[2m > [22mrejects explicit test-support helper files with no importing tests[32m 182[2mms[22m[39m
 [32m✓[39m [30m[46m tooling [49m[39m test/scripts/test-projects.test.ts[2m > [22mscripts/test-projects changed-target routing[2m > [22mroutes contract roots to separate contract shards[32m 2[2mms[22m[39m
 [32m✓[39m [30m[46m tooling [49m[39m test/scripts/test-projects.test.ts[2m > [22mscripts/test-projects changed-target routing[2m > [22mfans contract directory targets out to the owning contract lanes[32m 1[2mms[22m[39m
 [32m✓[39m [30m[46m tooling [49m[39m test/scripts/test-projects.test.ts[2m > [22mscripts/test-projects changed-target routing[2m > [22mroutes the plugin contracts directory to the plugin contracts lane[32m 1[2mms[22m[39m
 [32m✓[39m [30m[46m tooling [49m[39m test/scripts/test-projects.test.ts[2m > [22mscripts/test-projects changed-target routing[2m > [22mroutes explicit plugin-sdk light tests …[32m 1[2mms[22m[39m
 [32m✓[39m [30m[46m tooling [49m[39m test/scripts/test-projects.test.ts[2m > [22mscripts/test-projects changed-target routing[2m > [22mroutes explicit commands light tests to…[32m 3[2mms[22m[39m
 [32m✓[39m [30m[46m tooling [49m[39m test/scripts/test-projects.test.ts[2m > [22mscripts/test-projects changed-target routing[2m > [22mroutes fake-timer unit-fast tests to th…[32m 1[2mms[22m[39m
 [32m✓[39m [30m[46m tooling [49m[39m test/scripts/test-projects.test.ts[2m > [22mscripts/test-projects changed-target routing[2m > [22mroutes browser extension changes to the…[32m 3[2mms[22m[39m
 [32m✓[39m [30m[46m tooling [49m[39m test/scripts/test-projects.test.ts[2m > [22mscripts/test-projects changed-target routing[2m > [22mkeeps public plugin SDK changes focused…[32m 3[2mms[22m[39m
 [32m✓[39m [30m[46m tooling [49m[39m test/scripts/test-projects.test.ts[2m > [22mscripts/test-projects changed-target routing[2m > [22mroutes LM Studio changes to the provide…[32m 2[2mms[22m[39m
 [32m✓[39m [30m[46m tooling [49m[39m test/scripts/test-projects.test.ts[2m > [22mscripts/test-projects changed-target routing[2m > [22mroutes QA extension changes to the QA e…[32m 2[2mms[22m[39m
 [32m✓[39m [30m[46m tooling [49m[39m test/scripts/test-projects.test.ts[2m > [22mscripts/test-projects changed-target routing[2m > [22mroutes changed source files to sibling …[32m 2[2mms[22m[39m
 [32m✓[39m [30m[46m tooling [49m[39m test/scripts/test-projects.test.ts[2m > [22mscripts/test-projects changed-target routing[2m > [22mroutes plugin-sdk source files with sib…[32m 3[2mms[22m[39m
 [32m✓[39m [30m[46m tooling [49m[39m test/scripts/test-projects.test.ts[2m > [22mscripts/test-projects changed-target routing[2m > [22mroutes command source files with siblin…[32m 5[2mms[22m[39m
 [32m✓[39m [30m[46m tooling [49m[39m test/scripts/test-projects.test.ts[2m > [22mscripts/test-projects changed-target routing[2m > [22mkeeps shared test helpers cheap by default when no precise target exists[32m 48[2mms[22m[39m
 [32m✓[39m [30m[46m tooling [49m[39m test/scripts/test-projects.test.ts[2m > [22mscripts/test-projects changed-target routing[2m > [22mroutes imported shared test helpers through affected tests[32m 205[2mms[22m[39m
 [32m✓[39m [30m[46m tooling [49m[39m test/scripts/test-projects.test.ts[2m > [22mscripts/test-projects changed-target routing[2m > [22mkeeps the broad changed run available for shared test helpers[32m 56[2mms[22m[39m
 [32m✓[39m [30m[46m tooling [49m[39m test/scripts/test-projects.test.ts[2m > [22mscripts/test-projects changed-target routing[2m > [22mroutes channel contract helper edits through the tests that import them[32m 2[2mms[22m[39m
 [32m✓[39m [30m[46m tooling [49m[39m test/scripts/test-projects.test.ts[2m > [22mscripts/test-projects changed-target routing[2m > [22mroutes channel SDK helper edits through the tests that import them[32m 0[2mms[22m[39m
 [32m✓[39m [30m[46m tooling [49m[39m test/scripts/test-projects.test.ts[2m > [22mscripts/test-projects changed-target routing[2m > [22mroutes channel contract helper edits through contract shards[32m 1[2mms[22m[39m
 [32m✓[39m [30m[46m tooling [49m[39m test/scripts/test-projects.test.ts[2m > [22mscripts/test-projects changed-target routing[2m > [22mroutes extensions/imessage/message-tool-api.ts through its owner and the plugin-shape parity contract[33m 4737[2mms[22m[39m
 [32m✓[39m [30m[46m tooling [49m[39m test/scripts/test-projects.test.ts[2m > [22mscripts/test-projects changed-target routing[2m > [22mroutes extensions/imessage/src/actions.ts through its owner and the plugin-shape parity contract[32m 1[2mms[22m[39m
 [32m✓[39m [30m[46m tooling [49m[39m test/scripts/test-projects.test.ts[2m > [22mscripts/test-projects changed-target routing[2m > [22mroutes extensions/imessage/src/channel.ts through its owner and the plugin-shape parity contract[33m 19227[2mms[22m[39m
 [32m✓[39m [30m[46m tooling [49m[39m test/scripts/test-projects.test.ts[2m > [22mscripts/test-projects changed-target routing[2m > [22mroutes extensions/slack/message-tool-api.ts through its owner and the plugin-shape parity contract[33m 4833[2mms[22m[39m
 [32m✓[39m [30m[46m tooling [49m[39m test/scripts/test-projects.test.ts[2m > [22mscripts/test-projects changed-target routing[2m > [22mroutes extensions/slack/src/channel-actions.ts through its owner and the plugin-shape parity contract[32m 2[2mms[22m[39m
 [32m✓[39m [30m[46m tooling [49m[39m test/scripts/test-projects.test.ts[2m > [22mscripts/test-projects changed-target routing[2m > [22mroutes extensions/slack/src/channel.ts through its owner and the plugin-shape parity contract[32m 2[2mms[22m[39m
 [32m✓[39m [30m[46m tooling [49m[39m test/scripts/test-projects.test.ts[2m > [22mscripts/test-projects changed-target routing[2m > [22mroutes extensions/mattermost/gateway-auth-api.ts through its owner and the plugin-shape parity contract[33m 4605[2mms[22m[39m
 [32m✓[39m [30m[46m tooling [49m[39m test/scripts/test-projects.test.ts[2m > [22mscripts/test-projects changed-target routing[2m > [22mroutes extensions/mattermost/src/channel.ts through its owner and the plugin-shape parity contract[32m 1[2mms[22m[39m
 [32m✓[39m [30m[46m tooling [49m[39m test/scripts/test-projects.test.ts[2m > [22mscripts/test-projects changed-target routing[2m > [22mroutes extensions/feishu/session-key-api.ts through its owner and the plugin-shape parity contract[33m 5163[2mms[22m[39m
 [32m✓[39m [30m[46m tooling [49m[39m test/scripts/test-projects.test.ts[2m > [22mscripts/test-projects changed-target routing[2m > [22mroutes extensions/feishu/src/channel.ts through its owner and the plugin-shape parity contract[32m 2[2mms[22m[39m
 [32m✓[39m [30m[46m tooling [49m[39m test/scripts/test-projects.test.ts[2m > [22mscripts/test-projects changed-target routing[2m > [22mroutes extensions/telegram/session-key-api.ts through its owner and the plugin-shape parity contract[33m 5874[2mms[22m[39m
 [32m✓[39m [30m[46m tooling [49m[39m test/scripts/test-projects.test.ts[2m > [22mscripts/test-projects changed-target routing[2m > [22mroutes extensions/telegram/src/channel.ts through its owner and the plugin-shape parity contract[33m 8850[2mms[22m[39m
 [32m✓[39m [30m[46m tooling [49m[39m test/scripts/test-projects.test.ts[2m > [22mscripts/test-projects changed-target routing[2m > [22mroutes extensions/discord/session-key-api.ts through its owner and the plugin-shape parity contract[33m 3524[2mms[22m[39m
 [32m✓[39m [30m[46m tooling [49m[39m test/scripts/test-projects.test.ts[2m > [22mscripts/test-projects changed-target routing[2m > [22mroutes extensions/discord/thread-binding-api.ts through its owner and the plugin-shape parity contract[33m 4729[2mms[22m[39m
 [32m✓[39m [30m[46m tooling [49m[39m test/scripts/test-projects.test.ts[2m > [22mscripts/test-projects changed-target routing[2m > [22mroutes extensions/discord/src/channel.ts through its owner and the plugin-shape parity contract[32m 4[2mms[22m[39m
 [32m✓[39m [30m[46m tooling [49m[39m test/scripts/test-projects.test.ts[2m > [22mscripts/test-projects changed-target routing[2m > [22mroutes extensions/matrix/thread-binding-api.ts through its owner and the plugin-shape parity contract[33m 4369[2mms[22m[39m
 [32m✓[39m [30m[46m tooling [49m[39m test/scripts/test-projects.test.ts[2m > [22mscripts/test-projects changed-target routing[2m > [22mroutes extensions/matrix/src/channel.ts through its owner and the plugin-shape parity contract[33m 9965[2mms[22m[39m
 [32m✓[39m [30m[46m tooling [49m[39m test/scripts/test-projects.test.ts[2m > [22mscripts/test-projects changed-target routing[2m > [22mroutes precise plugin contract helpers without broad-running every shard[32m 3[2mms[22m[39m
 [32m✓[39m [30m[46m tooling [49m[39m test/scripts/test-projects.test.ts[2m > [22mscripts/test-projects changed-target routing[2m > [22mroutes Slack enterprise install changes through both owning tests[32m 1[2mms[22m[39m
 [32m✓[39m [30m[46m tooling [49m[39m test/scripts/test-projects.test.ts[2m > [22mscripts/test-projects changed-target routing[2m > [22mroutes worker launcher changes through every split owner suite[32m 0[2mms[22m[39m
 [32m✓[39m [30m[46m tooling [49m[39m test/scripts/test-projects.test.ts[2m > [22mscripts/test-projects changed-target routing[2m > [22mkeeps unknown root surfaces cheap by default[32m 2[2mms[22m[39m
 [32m✓[39m [30m[46m tooling [49m[39m test/scripts/test-projects.test.ts[2m > [22mscripts/test-projects changed-target routing[2m > [22mfails safe for raw Git paths that explicit-path normalization would rewrite[32m 2[2mms[22m[39m
 [32m✓[39m [30m[46m tooling [49m[39m test/scripts/test-projects.test.ts[2m > [22mscripts/test-projects changed-target routing[2m > [22mkeeps unknown root surface skip reasons available to changed-mode callers[32m 1[2mms[22m[39m
 [32m✓[39m [30m[46m tooling [49m[39m test/scripts/test-projects.test.ts[2m > [22mscripts/test-projects changed-target routing[2m > [22mexplains changed paths that need explicit broad fallback before skipping[32m 1[2mms[22m[39m
 [32m✓[39m [30m[46m tooling [49m[39m test/scripts/test-projects.test.ts[2m > [22mscripts/test-projects changed-target routing[2m > [22mkeeps the broad changed run available for unknown root surfaces[32m 2[2mms[22m[39m
 [32m✓[39m [30m[46m tooling [49m[39m test/scripts/test-projects.test.ts[2m > [22mscripts/test-projects changed-target routing[2m > [22mskips changed docs files that cannot map to test lanes[32m 2[2mms[22m[39m
 [32m✓[39m [30m[46m tooling [49m[39m test/scripts/test-projects.test.ts[2m > [22mscripts/test-projects changed-target routing[2m > [22mskips root agent guidance changes instead of broad-running tests[32m 1[2mms[22m[39m
 [32m✓[39m [30m[46m tooling [49m[39m test/scripts/test-projects.test.ts[2m > [22mscripts/test-projects changed-target routing[2m > [22mskips app-only changes because app tests are separate from Vitest lanes[32m 1[2mms[22m[39m
 [32m✓[39m [30m[46m tooling [49m[39m test/scripts/test-projects.test.ts[2m > [22mscripts/test-projects changed-target routing[2m > [22madds extension tests for public plugin SDK changes in broad changed mode[32m 63[2mms[22m[39m
 [32m✓[39m [30m[46m tooling [49m[39m test/scripts/test-projects.test.ts[2m > [22mscripts/test-projects changed-target routing[2m > [22mroutes explicit active-memory and Codex extension tests to their shards[32m 3[2mms[22m[39m
 [32m✓[39m [30m[46m tooling [49m[39m test/scripts/test-projects.test.ts[2m > [22mscripts/test-projects changed-target routing[2m > [22mroutes the top-level extensions target to every extension shard[32m 81[2mms[22m[39m
 [32m✓[39m [30m[46m tooling [49m[39m test/scripts/test-projects.test.ts[2m > [22mscripts/test-projects changed-target routing[2m > [22mkeeps the top-level extensions watch target on its aggregate owner[32m 2[2mms[22m[39m
 [32m✓[39m [30m[46m tooling [49m[39m test/scripts/test-projects.test.ts[2m > [22mscripts/test-projects changed-target routing[2m > [22mbounds an explicit Telegram config target across process lifetimes[32m 15[2mms[22m[39m
 [32m✓[39m [30m[46m tooling [49m[39m test/scripts/test-projects.test.ts[2m > [22mscripts/test-projects changed-target routing[2m > [22mturns a five-file Telegram include file into five one-file run specs[32m 19[2mms[22m[39m
 [32m✓[39m [30m[46m tooling [49m[39m test/scripts/test-projects.test.ts[2m > [22mscripts/test-projects changed-target routing[2m > [22mpreserves an externally scoped Telegram config target[32m 2[2mms[22m[39m
 [32m✓[39m [30m[46m tooling [49m[39m test/scripts/test-projects.test.ts[2m > [22mscripts/test-projects changed-target routing[2m > [22mpreserves an externally scoped Matrix config target[32m 3[2mms[22m[39m
 [32m✓[39m [30m[46m tooling [49m[39m test/scripts/test-projects.test.ts[2m > [22mscripts/test-projects changed-target routing[2m > [22mpreserves an externally scoped Telegram directory run spec[32m 16[2mms[22m[39m
 [32m✓[39m [30m[46m tooling [49m[39m test/scripts/test-projects.test.ts[2m > [22mscripts/test-projects changed-target routing[2m > [22mpreserves an externally scoped Matrix directory run spec[32m 3[2mms[22m[39m
 [32m✓[39m [30m[46m tooling [49m[39m test/scripts/test-projects.test.ts[2m > [22mscripts/test-projects changed-target routing[2m > [22mbounds an explicit Matrix directory target across process lifetimes[32m 10[2mms[22m[39m
 [32m✓[39m [30m[46m tooling [49m[39m test/scripts/test-projects.test.ts[2m > [22mscripts/test-projects changed-target routing[2m > [22mbounds an explicit Codex directory target across process lifetimes[32m 17[2mms[22m[39m
 [32m✓[39m [30m[46m tooling [49m[39m test/scripts/test-projects.test.ts[2m > [22mscripts/test-projects changed-target routing[2m > [22mkeeps an explicit Codex file target in one process[32m 8[2mms[22m[39m
 [32m✓[39m [30m[46m tooling [49m[39m test/scripts/test-projects.test.ts[2m > [22mscripts/test-projects changed-target routing[2m > [22mkeeps grouped Matrix targets covered when bounding the directory[32m 18[2mms[22m[39m
 [32m✓[39m [30m[46m tooling [49m[39m test/scripts/test-projects.test.ts[2m > [22mscripts/test-projects changed-target routing[2m > [22mkeeps a grouped Matrix config target in the unsplit plan[32m 3[2mms[22m[39m
 [32m✓[39m [30m[46m tooling [49m[39m test/scripts/test-projects.test.ts[2m > [22mscripts/test-projects changed-target routing[2m > [22mkeeps explicit Matrix files and watch runs unchunked[32m 8[2mms[22m[39m
 [32m✓[39m [30m[46m tooling [49m[39m test/scripts/test-projects.test.ts[2m > [22mscripts/test-projects changed-target routing[2m > [22mnarrows default-lane changed source files to affected tests[32m 5[2mms[22m[39m
 [32m✓[39m [30m[46m tooling [49m[39m test/scripts/test-projects.test.ts[2m > [22mscripts/test-projects changed-target routing[2m > [22mcan combine sibling and import-graph targets for CI[32m 164[2mms[22m[39m
 [32m✓[39m [30m[46m tooling [49m[39m test/scripts/test-projects.test.ts[2m > [22mscripts/test-projects changed-target routing[2m > [22mKova schema selection[2m > [22mwatch compatibility[2m > [22mchanged[2m > [22mkeeps wrapper watch coverage in its existing suite[32m 33[2mms[22m[39m
 [32m✓[39m [30m[46m tooling [49m[39m test/scripts/test-projects.test.ts[2m > [22mscripts/test-projects changed-target routing[2m > [22mKova schema selection[2m > [22mwatch compatibility[2m > [22mchanged[2m > [22mkeeps base watch coverage in its existing suite[33m 376[2mms[22m[39m
 [32m✓[39m [30m[46m tooling [49m[39m test/scripts/test-projects.test.ts[2m > [22mscripts/test-projects changed-target routing[2m > [22mKova schema selection[2m > [22mwatch compatibility[2m > [22mchanged[2m > [22mkeeps both schemas watch coverage in its existing suite[33m 509[2mms[22m[39m
 [32m✓[39m [30m[46m tooling [49m[39m test/scripts/test-projects.test.ts[2m > [22mscripts/test-projects changed-target routing[2m > [22mKova schema selection[2m > [22mwatch compatibility[2m > [22mchanged[2m > [22mretains Kova for non-watch flags [ '--watch=false' ][33m 445[2mms[22m[39m
 [32m✓[39m [30m[46m tooling [49m[39m test/scripts/test-projects.test.ts[2m > [22mscripts/test-projects changed-target routing[2m > [22mKova schema selection[2m > [22mwatch compatibility[2m > [22mchanged[2m > [22mretains Kova for non-watch flags [ '--watch', 'false' ][33m 379[2mms[22m[39m
 [32m✓[39m [30m[46m tooling [49m[39m test/scripts/test-projects.test.ts[2m > [22mscripts/test-projects changed-target routing[2m > [22mKova schema selection[2m > [22mwatch compatibility[2m > [22mchanged[2m > [22mretains Kova for non-watch flags [ '--watch', '--no-watch' ][33m 399[2mms[22m[39m
 [32m✓[39m [30m[46m tooling [49m[39m test/scripts/test-projects.test.ts[2m > [22mscripts/test-projects changed-target routing[2m > [22mKova schema selection[2m > [22mwatch compatibility[2m > [22mexplicit[2m > [22mkeeps wrapper watch coverage in its existing suite[32m 38[2mms[22m[39m
 [32m✓[39m [30m[46m tooling [49m[39m test/scripts/test-projects.test.ts[2m > [22mscripts/test-projects changed-target routing[2m > [22mKova schema selection[2m > [22mwatch compatibility[2m > [22mexplicit[2m > [22mkeeps base watch coverage in its existing suite[33m 377[2mms[22m[39m
 [32m✓[39m [30m[46m tooling [49m[39m test/scripts/test-projects.test.ts[2m > [22mscripts/test-projects changed-target routing[2m > [22mKova schema selection[2m > [22mwatch compatibility[2m > [22mexplicit[2m > [22mkeeps both schemas watch coverage in its existing suite[33m 337[2mms[22m[39m
 [32m✓[39m [30m[46m tooling [49m[39m test/scripts/test-projects.test.ts[2m > [22mscripts/test-projects changed-target routing[2m > [22mKova schema selection[2m > [22mwatch compatibility[2m > [22mexplicit[2m > [22mretains Kova for non-watch flags [ '--watch=false' ][33m 376[2mms[22m[39m
 [32m✓[39m [30m[46m tooling [49m[39m test/scripts/test-projects.test.ts[2m > [22mscripts/test-projects changed-target routing[2m > [22mKova schema selection[2m > [22mwatch compatibility[2m > [22mexplicit[2m > [22mretains Kova for non-watch flags [ '--watch', 'false' ][33m 330[2mms[22m[39m
 [32m✓[39m [30m[46m tooling [49m[39m test/scripts/test-projects.test.ts[2m > [22mscripts/test-projects changed-target routing[2m > [22mKova schema selection[2m > [22mwatch compatibility[2m > [22mexplicit[2m > [22mretains Kova for non-watch flags [ '--watch', '--no-watch' ][33m 333[2mms[22m[39m
 [32m✓[39m [30m[46m tooling [49m[39m test/scripts/test-projects.test.ts[2m > [22mscripts/test-projects changed-target routing[2m > [22mKova schema selection[2m > [22mwatch compatibility[2m > [22mstill rejects explicitly mixed watch suites for src/config/zod-schema.agent-defaults.ts[32m 38[2mms[22m[39m
 [32m✓[39m [30m[46m tooling [49m[39m test/scripts/test-projects.test.ts[2m > [22mscripts/test-projects changed-target routing[2m > [22mKova schema selection[2m > [22mwatch compatibility[2m > [22mstill rejects explicitly mixed watch suites for src/config/zod-schema.agent-defaults-base.ts[33m 337[2mms[22m[39m
 [32m✓[39m [30m[46m tooling [49m[39m test/scripts/test-projects.test.ts[2m > [22mscripts/test-projects changed-target routing[2m > [22mKova schema selection[2m > [22mwatch compatibility[2m > [22mdoes not admit unmatched watch source src/config/zod-schema.agent-defaults.ts through Kova[32m 68[2mms[22m[39m
 [32m✓[39m [30m[46m tooling [49m[39m test/scripts/test-projects.test.ts[2m > [22mscripts/test-projects changed-target routing[2m > [22mKova schema selection[2m > [22mwatch compatibility[2m > [22mdoes not admit unmatched watch source src/config/zod-schema.agent-defaults-base.ts through Kova[32m 67[2mms[22m[39m
 [32m✓[39m [30m[46m tooling [49m[39m test/scripts/test-projects.test.ts[2m > [22mscripts/test-projects changed-target routing[2m > [22mKova schema selection[2m > [22mkeeps skipped import-graph paths visible with mixed broad changes[33m 620[2mms[22m[39m
 [32m✓[39m [30m[46m tooling [49m[39m test/scripts/test-projects.test.ts[2m > [22mscripts/test-projects changed-target routing[2m > [22mKova schema selection[2m > [22mchanged[2m > [22mwrapper only retains normal coverage and adds only the required owner[32m 104[2mms[22m[39m
 [32m✓[39m [30m[46m tooling [49m[39m test/scripts/test-projects.test.ts[2m > [22mscripts/test-projects changed-target routing[2m > [22mKova schema selection[2m > [22mchanged[2m > [22mbase only retains normal coverage and adds only the required owner[33m 756[2mms[22m[39m
 [32m✓[39m [30m[46m tooling [49m[39m test/scripts/test-projects.test.ts[2m > [22mscripts/test-projects changed-target routing[2m > [22mKova schema selection[2m > [22mchanged[2m > [22mboth schemas retains normal coverage and adds only the required owner[33m 350[2mms[22m[39m
 [32m✓[39m [30m[46m tooling [49m[39m test/scripts/test-projects.test.ts[2m > [22mscripts/test-projects changed-target routing[2m > [22mKova schema selection[2m > [22mchanged[2m > [22mmixed workflow retains normal coverage and adds only the required owner[33m 431[2mms[22m[39m
 [32m✓[39m [30m[46m tooling [49m[39m test/scripts/test-projects.test.ts[2m > [22mscripts/test-projects changed-target routing[2m > [22mKova schema selection[2m > [22mchanged[2m > [22malready selected owner retains normal coverage and adds only the required owner[33m 449[2mms[22m[39m
 [32m✓[39m [30m[46m tooling [49m[39m test/scripts/test-projects.test.ts[2m > [22mscripts/test-projects changed-target routing[2m > [22mKova schema selection[2m > [22mchanged[2m > [22munrelated source retains normal coverage and adds only the required owner[32m 34[2mms[22m[39m
 [32m✓[39m [30m[46m tooling [49m[39m test/scripts/test-projects.test.ts[2m > [22mscripts/test-projects changed-target routing[2m > [22mKova schema selection[2m > [22mexplicit[2m > [22mwrapper only retains normal coverage and adds only the required owner[32m 38[2mms[22m[39m
 [32m✓[39m [30m[46m tooling [49m[39m test/scripts/test-projects.test.ts[2m > [22mscripts/test-projects changed-target routing[2m > [22mKova schema selection[2m > [22mexplicit[2m > [22mbase only retains normal coverage and adds only the required owner[33m 398[2mms[22m[39m
 [32m✓[39m [30m[46m tooling [49m[39m test/scripts/test-projects.test.ts[2m > [22mscripts/test-projects changed-target routing[2m > [22mKova schema selection[2m > [22mexplicit[2m > [22mboth schemas retains normal coverage and adds only the required owner[33m 379[2mms[22m[39m
 [32m✓[39m [30m[46m tooling [49m[39m test/scripts/test-projects.test.ts[2m > [22mscripts/test-projects changed-target routing[2m > [22mKova schema selection[2m > [22mexplicit[2m > [22mmixed workflow retains normal coverage and adds only the required owner[33m 375[2mms[22m[39m
 [32m✓[39m [30m[46m tooling [49m[39m test/scripts/test-projects.test.ts[2m > [22mscripts/test-projects changed-target routing[2m > [22mKova schema selection[2m > [22mexplicit[2m > [22malready selected owner retains normal coverage and adds only the required owner[33m 372[2mms[22m[39m
 [32m✓[39m [30m[46m tooling [49m[39m test/scripts/test-projects.test.ts[2m > [22mscripts/test-projects changed-target routing[2m > [22mKova schema selection[2m > [22mexplicit[2m > [22munrelated source retains normal coverage and adds only the required owner[32m 31[2mms[22m[39m
 [32m✓[39m [30m[46m tooling [49m[39m test/scripts/test-projects.test.ts[2m > [22mscripts/test-projects changed-target routing[2m > [22mKova schema selection[2m > [22mci[2m > [22mwrapper only retains normal coverage and adds only the required owner[32m 195[2mms[22m[39m
 [32m✓[39m [30m[46m tooling [49m[39m test/scripts/test-projects.test.ts[2m > [22mscripts/test-projects changed-target routing[2m > [22mKova schema selection[2m > [22mci[2m > [22mbase only retains normal coverage and adds only the required owner[32m 175[2mms[22m[39m
 [32m✓[39m [30m[46m tooling [49m[39m test/scripts/test-projects.test.ts[2m > [22mscripts/test-projects changed-target routing[2m > [22mKova schema selection[2m > [22mci[2m > [22mboth schemas retains normal coverage and adds only the required owner[32m 177[2mms[22m[39m
 [32m✓[39m [30m[46m tooling [49m[39m test/scripts/test-projects.test.ts[2m > [22mscripts/test-projects changed-target routing[2m > [22mKova schema selection[2m > [22mci[2m > [22mmixed workflow retains normal coverage and adds only the required owner[32m 205[2mms[22m[39m
 [32m✓[39m [30m[46m tooling [49m[39m test/scripts/test-projects.test.ts[2m > [22mscripts/test-projects changed-target routing[2m > [22mKova schema selection[2m > [22mci[2m > [22malready selected owner retains normal coverage and adds only the required owner[32m 200[2mms[22m[39m
 [32m✓[39m [30m[46m tooling [49m[39m test/scripts/test-projects.test.ts[2m > [22mscripts/test-projects changed-target routing[2m > [22mKova schema selection[2m > [22mci[2m > [22munrelated source retains normal coverage and adds only the required owner[32m 202[2mms[22m[39m
 [32m✓[39m [30m[46m tooling [49m[39m test/scripts/test-projects.test.ts[2m > [22mscripts/test-projects changed-target routing[2m > [22mroutes changed ui support files to the ui lane without dead include globs[32m 232[2mms[22m[39m
 [32m✓[39m [30m[46m tooling [49m[39m test/scripts/test-projects.test.ts[2m > [22mscripts/test-projects changed-target routing[2m > [22mroutes explicit ui support files to the ui lane without dead include globs[32m 19[2mms[22m[39m
 [32m✓[39m [30m[46m tooling [49m[39m test/scripts/test-projects.test.ts[2m > [22mscripts/test-projects changed-target routing[2m > [22mkeeps an existing nested ui directory and explicit e2es scoped (relative)[32m 23[2mms[22m[39m
 [32m✓[39m [30m[46m tooling [49m[39m test/scripts/test-projects.test.ts[2m > [22mscripts/test-projects changed-target routing[2m > [22mkeeps an existing nested ui directory and explicit e2es scoped (trailing slash)[32m 14[2mms[22m[39m
 [32m✓[39m [30m[46m tooling [49m[39m test/scripts/test-projects.test.ts[2m > [22mscripts/test-projects changed-target routing[2m > [22mkeeps an existing nested ui directory and explicit e2es scoped (absolute)[32m 30[2mms[22m[39m
 [32m✓[39m [30m[46m tooling [49m[39m test/scripts/test-projects.test.ts[2m > [22mscripts/test-projects changed-target routing[2m > [22mkeeps an existing nested ui directory and explicit e2es scoped (dot segments)[32m 21[2mms[22m[39m
 [32m✓[39m [30m[46m tooling [49m[39m test/scripts/test-projects.test.ts[2m > [22mscripts/test-projects changed-target routing[2m > [22mkeeps mixed Control UI root and source changes in the UI lane[32m 295[2mms[22m[39m
 [32m✓[39m [30m[46m tooling [49m[39m test/scripts/test-projects.test.ts[2m > [22mscripts/test-projects changed-target routing[2m > [22mroutes changed ui build helper ui/config/control-ui-chunking.ts to its owner test[32m 3[2mms[22m[39m
 [32m✓[39m [30m[46m tooling [49m[39m test/scripts/test-projects.test.ts[2m > [22mscripts/test-projects changed-target routing[2m > [22mroutes changed ui build helper ui/config/control-ui-locales.ts to its owner test[32m 3[2mms[22m[39m
 [32m✓[39m [30m[46m tooling [49m[39m test/scripts/test-projects.test.ts[2m > [22mscripts/test-projects changed-target routing[2m > [22mroutes isolated ui test targets to the isolated project[32m 1[2mms[22m[39m
 [32m✓[39m [30m[46m tooling [49m[39m test/scripts/test-projects.test.ts[2m > [22mscripts/test-projects changed-target routing[2m > [22madds the isolated and Chromium projects for broad ui targets[32m 16[2mms[22m[39m
 [32m✓[39m [30m[46m tooling [49m[39m test/scripts/test-projects.test.ts[2m > [22mscripts/test-projects changed-target routing[2m > [22mroutes the browser test ui/src/components/markdown-mermaid.runtime.browser.test.ts to its execution owner[32m 2[2mms[22m[39m
 [32m✓[39m [30m[46m tooling [49m[39m test/scripts/test-projects.test.ts[2m > [22mscripts/test-projects changed-target routing[2m > [22mroutes the browser test ui/src/components/form-controls.browser.test.ts to its execution owner[32m 2[2mms[22m[39m
 [32m✓[39m [30m[46m tooling [49m[39m test/scripts/test-projects.test.ts[2m > [22mscripts/test-projects changed-target routing[2m > [22mretains both browser owners for mixed selectors "ui/src/**/*.browser.test.ts"[32m 85[2mms[22m[39m
 [32m✓[39m [30m[46m tooling [49m[39m test/scripts/test-projects.test.ts[2m > [22mscripts/test-projects changed-target routing[2m > [22mretains both browser owners for mixed selectors "ui/src/components/*.browser.test.ts"[32m 37[2mms[22m[39m
 [32m✓[39m [30m[46m tooling [49m[39m test/scripts/test-projects.test.ts[2m > [22mscripts/test-projects changed-target routing[2m > [22mrejects broad ui watch targets that cross shared and isolated projects[32m 7[2mms[22m[39m
 [32m✓[39m [30m[46m tooling [49m[39m test/scripts/test-projects.test.ts[2m > [22mscripts/test-projects changed-target routing[2m > [22mrejects UI glob watch before freezing the current matching files[32m 1[2mms[22m[39m
 [32m✓[39m [30m[46m tooling [49m[39m test/scripts/test-projects.test.ts[2m > [22mscripts/test-projects changed-target routing[2m > [22mkeeps explicit non-renderer ui test targets scoped[32m 2[2mms[22m[39m
 [32m✓[39m [30m[46m tooling [49m[39m test/scripts/test-projects.test.ts[2m > [22mscripts/test-projects changed-target routing[2m > [22mroutes control ui e2e tests to the ui e2e lane[32m 6[2mms[22m[39m
 [32m✓[39m [30m[46m tooling [49m[39m test/scripts/test-projects.test.ts[2m > [22mscripts/test-projects changed-target routing[2m > [22mroutes auto-reply route source files to route regression tests[32m 1[2mms[22m[39m
 [32m✓[39m [30m[46m tooling [49m[39m test/scripts/test-projects.test.ts[2m > [22mscripts/test-projects changed-target routing[2m > [22mroutes effective reply changes through every dispatch entrypoint[32m 0[2mms[22m[39m
 [32m✓[39m [30m[46m tooling [49m[39m test/scripts/test-projects.test.ts[2m > [22mscripts/test-projects changed-target routing[2m > [22mroutes ACP command source files to ACP command regression tests[32m 0[2mms[22m[39m
 [32m✓[39m [30m[46m tooling [49m[39m test/scripts/test-projects.test.ts[2m > [22mscripts/test-projects changed-target routing[2m > [22mroutes Google Meet CLI edits to the lightweight CLI tests[32m 0[2mms[22m[39m
 [32m✓[39m [30m[46m tooling [49m[39m test/scripts/test-projects.test.ts[2m > [22mscripts/test-projects changed-target routing[2m > [22mroutes Google Meet OAuth edits to the lightweight OAuth tests[32m 0[2mms[22m[39m
 [32m✓[39m [30m[46m tooling [49m[39m test/scripts/test-projects.test.ts[2m > [22mscripts/test-projects changed-target routing[2m > [22mroutes Google Meet entry edits to the plugin entry tests[32m 0[2mms[22m[39m
 [32m✓[39m [30m[46m tooling [49m[39m test/scripts/test-projects.test.ts[2m > [22mscripts/test-projects changed-target routing[2m > [22mroutes memory doctor and embedding default edits to focused tests[32m 0[2mms[22m[39m
 [32m✓[39m [30m[46m tooling [49m[39m test/scripts/test-projects.test.ts[2m > [22mscripts/test-projects changed-target routing[2m > [22mroutes provider auth choice edits to focused auth-choice tests[32m 0[2mms[22m[39m
 [32m✓[39m [30m[46m tooling [49m[39m test/scripts/test-projects.test.ts[2m > [22mscripts/test-projects changed-target routing[2m > [22mroutes provider env var edits to focused secret tests[32m 0[2mms[22m[39m
 [32m✓[39m [30m[46m tooling [49m[39m test/scripts/test-projects.test.ts[2m > [22mscripts/test-projects changed-target routing[2m > [22mroutes changed utils and shared files to their light scoped lanes[32m 5[2mms[22m[39m
 [32m✓[39m [30m[46m tooling [49m[39m test/scripts/test-projects.test.ts[2m > [22mscripts/test-projects changed-target routing[2m > [22muses collision-resistant include-file names for scoped Vitest specs[32m 3[2mms[22m[39m
 [32m✓[39m [30m[46m tooling [49m[39m test/scripts/test-projects.test.ts[2m > [22mscripts/test-projects changed-target routing[2m > [22mexpands routed glob targets to literal include-file paths[32m 37[2mms[22m[39m
 [32m✓[39m [30m[46m tooling [49m[39m test/scripts/test-projects.test.ts[2m > [22mscripts/test-projects changed-target routing[2m > [22mretains routed glob targets in watch-mode include files[32m 0[2mms[22m[39m
 [32m✓[39m [30m[46m tooling [49m[39m test/scripts/test-projects.test.ts[2m > [22mscripts/test-projects changed-target routing[2m > [22mpreflights targeted UI E2E specs with Playwright browser assets[32m 1[2mms[22m[39m
 [32m✓[39m [30m[46m tooling [49m[39m test/scripts/test-projects.test.ts[2m > [22mscripts/test-projects changed-target routing[2m > [22mroutes the full commands test root to both command shards[32m 104[2mms[22m[39m
 [32m✓[39m [30m[46m tooling [49m[39m test/scripts/test-projects.test.ts[2m > [22mscripts/test-projects changed-target routing[2m > [22mroutes unit-fast light tests to the cache-friendly unit-fast lane[32m 6[2mms[22m[39m
 [32m✓[39m [30m[46m tooling [49m[39m test/scripts/test-projects.test.ts[2m > [22mscripts/test-projects changed-target routing[2m > [22mroutes forced stateful unit-fast tests to the isolated lane[32m 1[2mms[22m[39m
 [32m✓[39m [30m[46m tooling [49m[39m test/scripts/test-projects.test.ts[2m > [22mscripts/test-projects changed-target routing[2m > [22mroutes changed commands source allowlist files to sibling light tests[32m 3[2mms[22m[39m
 [32m✓[39m [30m[46m tooling [49m[39m test/scripts/test-projects.test.ts[2m > [22mscripts/test-projects changed-target routing[2m > [22mroutes plugin-sdk source files with sibling tests plus extensions in broad changed mode[32m 30[2mms[22m[39m
 [32m✓[39m [30m[46m tooling [49m[39m test/scripts/test-projects.test.ts[2m > [22mscripts/test-projects changed-target routing[2m > [22mkeeps changed mode to precise targets by default[32m 1[2mms[22m[39m
 [32m✓[39m [30m[46m tooling [49m[39m test/scripts/test-projects.test.ts[2m > [22mscripts/test-projects changed-target routing[2m > [22mskips import-graph scans once a diff already needs broad fallback[32m 1[2mms[22m[39m
 [32m✓[39m [30m[46m tooling [49m[39m test/scripts/test-projects.test.ts[2m > [22mscripts/test-projects changed-target routing[2m > [22mkeeps broad changed fallback available through explicit env[32m 1[2mms[22m[39m
 [32m✓[39m [30m[46m tooling [49m[39m test/scripts/test-projects.test.ts[2m > [22mscripts/test-projects changed-target routing[2m > [22muses import-graph targets in default changed mode[32m 1[2mms[22m[39m
 [32m✓[39m [30m[46m tooling [49m[39m test/scripts/test-projects.test.ts[2m > [22mscripts/test-projects changed-target routing[2m > [22mroutes prompt snapshot generator helper edits to the owner test[32m 2[2mms[22m[39m
 [32m✓[39m [30m[46m tooling [49m[39m test/scripts/test-projects.test.ts[2m > [22mscripts/test-projects changed-target routing[2m > [22mroutes runtime sidecar baseline edits to baseline owner tests[32m 0[2mms[22m[39m
 [32m✓[39m [30m[46m tooling [49m[39m test/scripts/test-projects.test.ts[2m > [22mscripts/test-projects changed-target routing[2m > [22mroutes appcast edits to appcast owner tests[32m 0[2mms[22m[39m
 [32m✓[39m [30m[46m tooling [49m[39m test/scripts/test-projects.test.ts[2m > [22mscripts/test-projects changed-target routing[2m > [22mroutes package fixture assets to their owner test[32m 1[2mms[22m[39m
 [32m✓[39m [30m[46m tooling [49m[39m test/scripts/test-projects.test.ts[2m > [22mscripts/test-projects changed-target routing[2m > [22mroutes split agents vitest config test/vitest/vitest.agents-core.config.ts to itself[32m 0[2mms[22m[39m
 [32m✓[39m [30m[46m tooling [49m[39m test/scripts/test-projects.test.ts[2m > [22mscripts/test-projects changed-target routing[2m > [22mroutes split agents vitest config test/vitest/vitest.agents-embedded-agent.config.ts to itself[32m 0[2mms[22m[39m
 [32m✓[39m [30m[46m tooling [49m[39m test/scripts/test-projects.test.ts[2m > [22mscripts/test-projects changed-target routing[2m > [22mroutes split agents vitest config test/vitest/vitest.agents-embedded-agent-incomplete-turn.config.ts to itself[32m 1[2mms[22m[39m
 [32m✓[39m [30m[46m tooling [49m[39m test/scripts/test-projects.test.ts[2m > [22mscripts/test-projects changed-target routing[2m > [22mroutes split agents vitest config test/vitest/vitest.agents-embedded-agent-overflow-compaction.config.ts to itself[32m 2[2mms[22m[39m
 [32m✓[39m [30m[46m tooling [49m[39m test/scripts/test-projects.test.ts[2m > [22mscripts/test-projects changed-target routing[2m > [22mroutes split agents vitest config test/vitest/vitest.agents-embedded-agent-run.config.ts to itself[32m 1[2mms[22m[39m
 [32m✓[39m [30m[46m tooling [49m[39m test/scripts/test-projects.test.ts[2m > [22mscripts/test-projects changed-target routing[2m > [22mroutes split agents vitest config test/vitest/vitest.agents-support.config.ts to itself[32m 0[2mms[22m[39m
 [32m✓[39m [30m[46m tooling [49m[39m test/scripts/test-projects.test.ts[2m > [22mscripts/test-projects changed-target routing[2m > [22mroutes split agents vitest config test/vitest/vitest.agents-tools.config.ts to itself[32m 0[2mms[22m[39m
 [32m✓[39m [30m[46m tooling [49m[39m test/scripts/test-projects.test.ts[2m > [22mscripts/test-projects changed-target routing[2m > [22mroutes gateway integration fixture src/gateway/gateway.test.ts to the e2e lane[32m 3[2mms[22m[39m
 [32m✓[39m [30m[46m tooling [49m[39m test/scripts/test-projects.test.ts[2m > [22mscripts/test-projects changed-target routing[2m > [22mroutes gateway integration fixture src/gateway/server.startup-matrix-migration.integration.test.ts to the e2e lane[32m 1[2mms[22m[39m
 [32m✓[39m [30m[46m tooling [49m[39m test/scripts/test-projects.test.ts[2m > [22mscripts/test-projects changed-target routing[2m > [22mroutes gateway integration fixture src/gateway/sessions-history-http.test.ts to the gateway lane[32m 1[2mms[22m[39m
 [32m✓[39m [30m[46m tooling [49m[39m test/scripts/test-projects.test.ts[2m > [22mscripts/test-projects changed-target routing[2m > [22mroutes TUI PTY integration target src/tui/tui-auth-child-pty.e2e.test.ts to the PTY lane[32m 1[2mms[22m[39m
 [32m✓[39m [30m[46m tooling [49m[39m test/scripts/test-projects.test.ts[2m > [22mscripts/test-projects changed-target routing[2m > [22mroutes TUI PTY integration target src/tui/tui-pty-harness.e2e.test.ts to the PTY lane[32m 1[2mms[22m[39m
 [32m✓[39m [30m[46m tooling [49m[39m test/scripts/test-projects.test.ts[2m > [22mscripts/test-projects changed-target routing[2m > [22mroutes TUI PTY integration target src/tui/tui-session-identity-pty.e2e.test.ts to the PTY lane[32m 1[2mms[22m[39m
 [32m✓[39m [30m[46m tooling [49m[39m test/scripts/test-projects.test.ts[2m > [22mscripts/test-projects changed-target routing[2m > [22mroutes TUI PTY integration target src/tui/tui-reset-transition-pty.e2e.test.ts to the PTY lane[32m 1[2mms[22m[39m
 [32m✓[39m [30m[46m tooling [49m[39m test/scripts/test-projects.test.ts[2m > [22mscripts/test-projects changed-target routing[2m > [22mroutes TUI PTY integration target src/tui/tui-pty-local.e2e.test.ts to the PTY lane[32m 1[2mms[22m[39m
 [32m✓[39m [30m[46m tooling [49m[39m test/scripts/test-projects.test.ts[2m > [22mtest selector native source facts[2m > [22mreads complete files without installed packages, inherited hooks, or reparsing cached imports[33m 547[2mms[22m[39m
 [32m✓[39m [30m[46m tooling [49m[39m test/scripts/test-projects.test.ts[2m > [22mtest selector native source facts[2m > [22mfails loudly on child launch, output overflow, and invalid native requests[32m 231[2mms[22m[39m
 [32m✓[39m [30m[46m tooling [49m[39m test/scripts/test-projects.test.ts[2m > [22mscripts/test-projects full-suite sharding[2m > [22mretains whole-config costs for null selection[32m 2[2mms[22m[39m
 [32m✓[39m [30m[46m tooling [49m[39m test/scripts/test-projects.test.ts[2m > [22mscripts/test-projects full-suite sharding[2m > [22mretains whole-config costs for empty selection[32m 0[2mms[22m[39m
 [32m✓[39m [30m[46m tooling [49m[39m test/scripts/test-projects.test.ts[2m > [22mscripts/test-projects full-suite sharding[2m > [22mprioritizes expensive selected files over whole-config defaults[32m 0[2mms[22m[39m
 [32m✓[39m [30m[46m tooling [49m[39m test/scripts/test-projects.test.ts[2m > [22mscripts/test-projects full-suite sharding[2m > [22mprices expanded chunk files without enabling include-file filtering[32m 0[2mms[22m[39m
 [32m✓[39m [30m[46m tooling [49m[39m test/scripts/test-projects.test.ts[2m > [22mscripts/test-projects full-suite sharding[2m > [22muses observed selection timings without substituting a whole-config sample[32m 0[2mms[22m[39m
 [32m✓[39m [30m[46m tooling [49m[39m test/scripts/test-projects.test.ts[2m > [22mscripts/test-projects full-suite sharding[2m > [22minterleaves heavy and light configs for cold parallel full-suite runs[32m 0[2mms[22m[39m
 [32m✓[39m [30m[46m tooling [49m[39m test/scripts/test-projects.test.ts[2m > [22mscripts/test-projects full-suite sharding[2m > [22muses the global host worker budget for roomy local hosts[32m 0[2mms[22m[39m
 [32m✓[39m [30m[46m tooling [49m[39m test/scripts/test-projects.test.ts[2m > [22mscripts/test-projects full-suite sharding[2m > [22mkeeps CI=1 full-suite runs serial even on roomy hosts[32m 0[2mms[22m[39m
 [32m✓[39m [30m[46m tooling [49m[39m test/scripts/test-projects.test.ts[2m > [22mscripts/test-projects full-suite sharding[2m > [22mkeeps CI=true full-suite runs serial even on roomy hosts[32m 0[2mms[22m[39m
 [32m✓[39m [30m[46m tooling [49m[39m test/scripts/test-projects.test.ts[2m > [22mscripts/test-projects full-suite sharding[2m > [22mkeeps CI=yes full-suite runs serial even on roomy hosts[32m 0[2mms[22m[39m
 [32m✓[39m [30m[46m tooling [49m[39m test/scripts/test-projects.test.ts[2m > [22mscripts/test-projects full-suite sharding[2m > [22mkeeps CI=on full-suite runs serial even on roomy hosts[32m 0[2mms[22m[39m
 [32m✓[39m [30m[46m tooling [49m[39m test/scripts/test-projects.test.ts[2m > [22mscripts/test-projects full-suite sharding[2m > [22mkeeps CI=1 full-suite runs on aggregate shard configs[32m 0[2mms[22m[39m
 [32m✓[39m [30m[46m tooling [49m[39m test/scripts/test-projects.test.ts[2m > [22mscripts/test-projects full-suite sharding[2m > [22mgives only the aggregate extension shard an 8 GiB heap floor[32m 0[2mms[22m[39m
 [32m✓[39m [30m[46m tooling [49m[39m test/scripts/test-projects.test.ts[2m > [22mscripts/test-projects full-suite sharding[2m > [22mpreserves a larger aggregate extension heap override[32m 0[2mms[22m[39m
 [32m✓[39m [30m[46m tooling [49m[39m test/scripts/test-projects.test.ts[2m > [22mscripts/test-projects full-suite sharding[2m > [22mpreserves inherited Node options when the spec has no override[32m 0[2mms[22m[39m
 [32m✓[39m [30m[46m tooling [49m[39m test/scripts/test-projects.test.ts[2m > [22mscripts/test-projects full-suite sharding[2m > [22mraises the effective last aggregate extension heap override[32m 0[2mms[22m[39m
 [32m✓[39m [30m[46m tooling [49m[39m test/scripts/test-projects.test.ts[2m > [22mscripts/test-projects full-suite sharding[2m > [22msplits the Testbox agentic and extension shards into bounded processes[32m 28[2mms[22m[39m
 [32m✓[39m [30m[46m tooling [49m[39m test/scripts/test-projects.test.ts[2m > [22mscripts/test-projects full-suite sharding[2m > [22mkeeps explicit parallel overrides ahead of the host-aware profile[32m 0[2mms[22m[39m
 [32m✓[39m [30m[46m tooling [49m[39m test/scripts/test-projects.test.ts[2m > [22mscripts/test-projects full-suite sharding[2m > [22mrejects malformed parallel full-suite overrides[32m 1[2mms[22m[39m
 [32m✓[39m [30m[46m tooling [49m[39m test/scripts/test-projects.test.ts[2m > [22mscripts/test-projects full-suite sharding[2m > [22mrejects malformed conservative worker budget values[32m 0[2mms[22m[39m
 [32m✓[39m [30m[46m tooling [49m[39m test/scripts/test-projects.test.ts[2m > [22mscripts/test-projects full-suite sharding[2m > [22mkeeps serial untargeted local runs on leaf project configs[32m 26[2mms[22m[39m
 [32m✓[39m [30m[46m tooling [49m[39m test/scripts/test-projects.test.ts[2m > [22mscripts/test-projects full-suite sharding[2m > [22mexpands untargeted local runs to leaf project configs by default[32m 39[2mms[22m[39m
 [32m✓[39m [30m[46m tooling [49m[39m test/scripts/test-projects.test.ts[2m > [22mscripts/test-projects full-suite sharding[2m > [22mexpands conservative local worker runs to leaf project configs[32m 30[2mms[22m[39m
 [32m✓[39m [30m[46m tooling [49m[39m test/scripts/test-projects.test.ts[2m > [22mscripts/test-projects full-suite sharding[2m > [22mcan skip the aggregate extension shard when CI runs dedicated extension shards[32m 1[2mms[22m[39m
 [32m✓[39m [30m[46m tooling [49m[39m test/scripts/test-projects.test.ts[2m > [22mscripts/test-projects full-suite sharding[2m > [22mruns explicit leaf project config targets as whole configs[32m 4[2mms[22m[39m
 [32m✓[39m [30m[46m tooling [49m[39m test/scripts/test-projects.test.ts[2m > [22mscripts/test-projects full-suite sharding[2m > [22mkeeps shared Vitest config helpers out of whole-config targets[32m 44[2mms[22m[39m
 [32m✓[39m [30m[46m tooling [49m[39m test/scripts/test-projects.test.ts[2m > [22mscripts/test-projects full-suite sharding[2m > [22mrejects typoed explicit leaf project config targets[32m 1[2mms[22m[39m
 [32m✓[39m [30m[46m tooling [49m[39m test/scripts/test-projects.test.ts[2m > [22mscripts/test-projects full-suite sharding[2m > [22mrejects unmatched extensionless test prefixes with the attempted pattern[32m 103[2mms[22m[39m
 [32m✓[39m [30m[46m tooling [49m[39m test/scripts/test-projects.test.ts[2m > [22mscripts/test-projects full-suite sharding[2m > [22mrejects watch mode with multiple explicit leaf project config targets[32m 1[2mms[22m[39m
 [32m✓[39m [30m[46m tooling [49m[39m test/scripts/test-projects.test.ts[2m > [22mscripts/test-projects full-suite sharding[2m > [22mskips extension project configs when leaf sharding and the aggregate extension shard is disabled[32m 23[2mms[22m[39m
 [32m✓[39m [30m[46m tooling [49m[39m test/scripts/test-projects.test.ts[2m > [22mscripts/test-projects full-suite sharding[2m > [22mexpands full-suite shards before running them in parallel[32m 28[2mms[22m[39m
 [32m✓[39m [30m[46m tooling [49m[39m test/scripts/test-projects.test.ts[2m > [22mscripts/test-projects full-suite sharding[2m > [22mrejects malformed full-suite expansion parallel overrides[32m 0[2mms[22m[39m
 [32m✓[39m [30m[46m tooling [49m[39m test/scripts/test-projects.test.ts[2m > [22mscripts/test-projects full-suite sharding[2m > [22mkeeps untargeted watch mode on the native root config[32m 0[2mms[22m[39m
 [32m✓[39m [30m[46m tooling [49m[39m test/scripts/test-projects.test.ts[2m > [22mscripts/test-projects parallel cache paths[2m > [22msplits an explicit global cache root per parallel shard[32m 0[2mms[22m[39m
 [32m✓[39m [30m[46m tooling [49m[39m test/scripts/test-projects.test.ts[2m > [22mscripts/test-projects parallel cache paths[2m > [22mkeeps an already isolated cache path[32m 0[2mms[22m[39m
 [32m✓[39m [30m[46m tooling [49m[39m test/scripts/test-projects.test.ts[2m > [22mscripts/test-projects failed shard digest[2m > [22mprints failed configs with focused rerun commands[32m 0[2mms[22m[39m
 [32m✓[39m [30m[46m tooling [49m[39m test/scripts/test-projects.test.ts[2m > [22mscripts/test-projects failed shard digest[2m > [22mprints target-based reruns when a shard used include patterns[32m 0[2mms[22m[39m
 [32m✓[39m [30m[46m tooling [49m[39m test/scripts/test-projects.test.ts[2m > [22mscripts/test-projects Vitest stall watchdog[2m > [22madds default no-output watchdog settings to non-watch specs[32m 0[2mms[22m[39m
 [32m✓[39m [30m[46m tooling [49m[39m test/scripts/test-projects.test.ts[2m > [22mscripts/test-projects Vitest stall watchdog[2m > [22mextends the no-output watchdog for slow silent full-suite configs[32m 0[2mms[22m[39m
 [32m✓[39m [30m[46m tooling [49m[39m test/scripts/test-projects.test.ts[2m > [22mscripts/test-projects Vitest stall watchdog[2m > [22mkeeps explicit watchdog settings and watch mode untouched[32m 0[2mms[22m[39m
 [32m✓[39m [30m[46m tooling [49m[39m test/scripts/test-projects.test.ts[2m > [22mscripts/test-projects Vitest stall watchdog[2m > [22mallows changed checks to disable automatic silent-run retries[32m 0[2mms[22m[39m
 [32m✓[39m [30m[46m tooling [49m[39m test/scripts/test-projects.test.ts[2m > [22mscripts/test-projects Vitest stall watchdog[2m > [22mraises short shard no-output timeouts for the retry attempt[32m 0[2mms[22m[39m
 [32m✓[39m [30m[46m tooling [49m[39m test/scripts/test-projects.test.ts[2m > [22mscripts/test-projects Vitest cache isolation[2m > [22mkeeps same-config process lifetimes on one restored cache[32m 0[2mms[22m[39m
 [32m✓[39m [30m[46m tooling [49m[39m test/scripts/test-projects.test.ts[2m > [22mscripts/test-projects Vitest cache isolation[2m > [22massigns isolated fs-module caches to multi-spec non-watch runs[32m 0[2mms[22m[39m
 [32m✓[39m [30m[46m tooling [49m[39m test/scripts/test-projects.test.ts[2m > [22mscripts/test-projects Vitest cache isolation[2m > [22mkeeps single-spec and watch runs on the default cache[32m 0[2mms[22m[39m
 [32m✓[39m [30m[46m tooling [49m[39m test/scripts/test-projects.test.ts[2m > [22mscripts/test-projects channel contract lane patterns[2m > [22mstays in sync with the vitest.contracts-shared lane enumerations[32m 0[2mms[22m[39m
 [32m✓[39m [30m[46m tooling [49m[39m test/scripts/test-projects.test.ts[2m > [22mroutes shared Git ownership through all native tooling lanes: .github/workflows/openclaw-performance.yml[33m 2293[2mms[22m[39m
 [32m✓[39m [30m[46m tooling [49m[39m test/scripts/test-projects.test.ts[2m > [22mroutes shared Git ownership through all native tooling lanes: test/scripts/openclaw-performance-workflow.test.ts[32m 3[2mms[22m[39m
 [32m✓[39m [30m[46m tooling [49m[39m test/scripts/test-projects.test.ts[2m > [22mroutes shared Git ownership through all native tooling lanes: test/scripts/openclaw-performance-workflow.test-support.ts[32m 3[2mms[22m[39m
 [32m✓[39m [30m[46m tooling [49m[39m test/scripts/test-projects.test.ts[2m > [22mroutes shared Git ownership through all native tooling lanes: test/scripts/openclaw-performance-git-lifecycle.test.ts[32m 2[2mms[22m[39m
 [32m✓[39m [30m[46m tooling [49m[39m test/scripts/test-projects.test.ts[2m > [22mroutes shared Git ownership through all native tooling lanes: test/scripts/plugin-release-git-lifecycle.test.ts[32m 1[2mms[22m[39m
 [32m✓[39m [30m[46m tooling [49m[39m test/scripts/test-projects.test.ts[2m > [22mroutes shared Git ownership through all native tooling lanes: test/scripts/release-workflow-git-lifecycle.test.ts[32m 2[2mms[22m[39m
 [32m✓[39m [30m[46m tooling [49m[39m test/scripts/test-projects.test.ts[2m > [22mroutes shared Git ownership through all native tooling lanes: .github/workflows/plugin-clawhub-release.yml[32m 3[2mms[22m[39m
 [32m✓[39m [30m[46m tooling [49m[39m test/scripts/test-projects.test.ts[2m > [22mroutes shared Git ownership through all native tooling lanes: .github/workflows/plugin-npm-release.yml[33m 2212[2mms[22m[39m
 [32m✓[39m [30m[46m tooling [49m[39m test/scripts/test-projects.test.ts[2m > [22mroutes shared Git ownership through all native tooling lanes: .github/actions/publish-generated-pr/action.yml[32m 2[2mms[22m[39m
 [32m✓[39m [30m[46m tooling [49m[39m test/scripts/test-projects.test.ts[2m > [22mroutes shared Git ownership through all native tooling lanes: .github/actions/publish-generated-pr/policy.py[32m 1[2mms[22m[39m
 [32m✓[39m [30m[46m tooling [49m[39m test/scripts/test-projects.test.ts[2m > [22mroutes shared Git ownership through all native tooling lanes: .github/workflows/maturity-scorecard.yml[33m 2046[2mms[22m[39m
 [32m✓[39m [30m[46m tooling [49m[39m test/scripts/test-projects.test.ts[2m > [22mroutes shared Git ownership through all native tooling lanes: test/scripts/generated-publisher.test-support.ts[32m 2[2mms[22m[39m
 [32m✓[39m [30m[46m tooling [49m[39m test/scripts/test-projects.test.ts[2m > [22mroutes shared Git ownership through all native tooling lanes: test/scripts/ci-git-owner.test-support.ts[32m 3[2mms[22m[39m
 [32m✓[39m [30m[46m tooling [49m[39m test/scripts/test-projects.test.ts[2m > [22mroutes shared Git ownership through all native tooling lanes: test/scripts/ci-checkout.test-support.ts[32m 2[2mms[22m[39m
 [32m✓[39m [30m[46m tooling [49m[39m test/scripts/test-projects.test.ts[2m > [22mroutes shared Git ownership through all native tooling lanes: test/scripts/ci-git-owner.test.ts[32m 1[2mms[22m[39m
 [32m✓[39m [30m[46m tooling [49m[39m test/scripts/test-projects.test.ts[2m > [22mroutes shared Git ownership through all native tooling lanes: test/scripts/ci-linux-git.test.ts[32m 1[2mms[22m[39m
 [32m✓[39m [30m[46m tooling [49m[39m test/scripts/test-projects.test.ts[2m > [22mroutes shared Git ownership through all native tooling lanes: test/scripts/ci-platform-checkout.test.ts[32m 1[2mms[22m[39m
 [32m✓[39m [30m[46m tooling [49m[39m test/scripts/test-projects.test.ts[2m > [22mroutes shared Git ownership through all native tooling lanes: test/scripts/fixtures/ci-platform-checkout.mjs[32m 1[2mms[22m[39m
 [32m✓[39m [30m[46m tooling [49m[39m test/scripts/test-projects.test.ts[2m > [22mroutes shared Git ownership through all native tooling lanes: test/scripts/ci-windows-process-census.test-support.ts[32m 2[2mms[22m[39m
 [32m✓[39m [30m[46m tooling [49m[39m test/scripts/test-projects.test.ts[2m > [22mroutes shared Git ownership through all native tooling lanes: test/scripts/fixtures/ci-windows-process-census.mjs[32m 1[2mms[22m[39m
 [32m✓[39m [30m[46m tooling [49m[39m test/scripts/test-projects.test.ts[2m > [22mroutes shared Git ownership through all native tooling lanes: test/scripts/fixtures/ci-windows-process-census.py[32m 1[2mms[22m[39m
 [32m✓[39m [30m[46m tooling [49m[39m test/scripts/test-projects.test.ts[2m > [22mroutes Performance lifecycle ownership: .github/workflows/openclaw-performance.yml[32m 2[2mms[22m[39m
 [32m✓[39m [30m[46m tooling [49m[39m test/scripts/test-projects.test.ts[2m > [22mroutes Performance lifecycle ownership: test/scripts/openclaw-performance-workflow.test.ts[32m 1[2mms[22m[39m
 [32m✓[39m [30m[46m tooling [49m[39m test/scripts/test-projects.test.ts[2m > [22mroutes Performance lifecycle ownership: test/scripts/openclaw-performance-workflow.test-support.ts[32m 2[2mms[22m[39m
 [32m✓[39m [30m[46m tooling [49m[39m test/scripts/test-projects.test.ts[2m > [22mroutes Performance lifecycle ownership: test/scripts/openclaw-performance-git-lifecycle.test.ts[32m 2[2mms[22m[39m
 [32m✓[39m [30m[46m tooling [49m[39m test/scripts/test-projects.test.ts[2m > [22mroutes Performance lifecycle ownership: test/scripts/ci-git-owner.test-support.ts[32m 2[2mms[22m[39m
 [32m✓[39m [30m[46m tooling [49m[39m test/scripts/test-projects.test.ts[2m > [22mroutes Performance lifecycle ownership: test/scripts/fixtures/ci-platform-checkout.mjs[32m 2[2mms[22m[39m
 [32m✓[39m [30m[46m tooling [49m[39m test/scripts/test-projects.test.ts[2m > [22mroutes Performance lifecycle ownership: test/scripts/ci-windows-process-census.test-support.ts[32m 2[2mms[22m[39m
 [32m✓[39m [30m[46m tooling [49m[39m test/scripts/test-projects.test.ts[2m > [22mroutes Performance lifecycle ownership: test/scripts/fixtures/ci-windows-process-census.mjs[32m 1[2mms[22m[39m
 [32m✓[39m [30m[46m tooling [49m[39m test/scripts/test-projects.test.ts[2m > [22mroutes Performance lifecycle ownership: test/scripts/fixtures/ci-windows-process-census.py[32m 1[2mms[22m[39m
 [32m✓[39m [30m[46m tooling [49m[39m test/scripts/test-projects.test.ts[2m > [22mroutes release admission lifecycle ownership through serial native proof[32m 1[2mms[22m[39m
 [32m✓[39m [30m[46m tooling [49m[39m test/scripts/test-projects.test.ts[2m > [22mroutes plugin publication lifecycle ownership through serial native proof[32m 1[2mms[22m[39m

[2m Test Files [22m [1m[32m1 passed[39m[22m[90m (1)[39m
[2m      Tests [22m [1m[32m602 passed[39m[22m[90m (602)[39m
[2m   Start at [22m 19:00:09
[2m   Duration [22m 375.81s[2m (tests 99%)[22m

