
[1m[30m[46m RUN [49m[39m[22m [36mv5.0.0 [39m[90m/candidate[39m

 [2m[90m↓[39m[22m [30m[46m tooling [49m[39m test/scripts/test-projects.test.ts[2m > [22mtest runtime prerequisites[2m > [22mprepares only the prerequisite selected by lifecycle file
 [2m[90m↓[39m[22m [30m[46m tooling [49m[39m test/scripts/test-projects.test.ts[2m > [22mtest runtime prerequisites[2m > [22mprepares only the prerequisite selected by QA directory
 [2m[90m↓[39m[22m [30m[46m tooling [49m[39m test/scripts/test-projects.test.ts[2m > [22mtest runtime prerequisites[2m > [22mprepares only the prerequisite selected by tooling config
 [2m[90m↓[39m[22m [30m[46m tooling [49m[39m test/scripts/test-projects.test.ts[2m > [22mtest runtime prerequisites[2m > [22mprepares only the prerequisite selected by QA config
 [2m[90m↓[39m[22m [30m[46m tooling [49m[39m test/scripts/test-projects.test.ts[2m > [22mtest runtime prerequisites[2m > [22mprepares only the prerequisite selected by sticker provider runtime
 [2m[90m↓[39m[22m [30m[46m tooling [49m[39m test/scripts/test-projects.test.ts[2m > [22mtest runtime prerequisites[2m > [22mprepares only the prerequisite selected by Telegram polling runtime
 [2m[90m↓[39m[22m [30m[46m tooling [49m[39m test/scripts/test-projects.test.ts[2m > [22mtest runtime prerequisites[2m > [22mprepares only the prerequisite selected by Telegram config
 [2m[90m↓[39m[22m [30m[46m tooling [49m[39m test/scripts/test-projects.test.ts[2m > [22mtest runtime prerequisites[2m > [22mprepares only the prerequisite selected by ordinary Telegram test
 [2m[90m↓[39m[22m [30m[46m tooling [49m[39m test/scripts/test-projects.test.ts[2m > [22mtest runtime prerequisites[2m > [22mprepares only the prerequisite selected by all plugins
 [2m[90m↓[39m[22m [30m[46m tooling [49m[39m test/scripts/test-projects.test.ts[2m > [22mtest runtime prerequisites[2m > [22mprepares only the prerequisite selected by full local suite
 [2m[90m↓[39m[22m [30m[46m tooling [49m[39m test/scripts/test-projects.test.ts[2m > [22mtest runtime prerequisites[2m > [22mprepares only the prerequisite selected by root config
 [2m[90m↓[39m[22m [30m[46m tooling [49m[39m test/scripts/test-projects.test.ts[2m > [22mtest runtime prerequisites[2m > [22mprepares only the prerequisite selected by runtime reader
 [2m[90m↓[39m[22m [30m[46m tooling [49m[39m test/scripts/test-projects.test.ts[2m > [22mtest runtime prerequisites[2m > [22mprepares only the prerequisite selected by ACP CLI process
 [2m[90m↓[39m[22m [30m[46m tooling [49m[39m test/scripts/test-projects.test.ts[2m > [22mtest runtime prerequisites[2m > [22mprepares only the prerequisite selected by update CLI process
 [2m[90m↓[39m[22m [30m[46m tooling [49m[39m test/scripts/test-projects.test.ts[2m > [22mtest runtime prerequisites[2m > [22mprepares only the prerequisite selected by migrated update process
 [2m[90m↓[39m[22m [30m[46m tooling [49m[39m test/scripts/test-projects.test.ts[2m > [22mtest runtime prerequisites[2m > [22mprepares only the prerequisite selected by update rollback
 [2m[90m↓[39m[22m [30m[46m tooling [49m[39m test/scripts/test-projects.test.ts[2m > [22mtest runtime prerequisites[2m > [22mprepares only the prerequisite selected by update recovery
 [2m[90m↓[39m[22m [30m[46m tooling [49m[39m test/scripts/test-projects.test.ts[2m > [22mtest runtime prerequisites[2m > [22mprepares only the prerequisite selected by update repair
 [2m[90m↓[39m[22m [30m[46m tooling [49m[39m test/scripts/test-projects.test.ts[2m > [22mtest runtime prerequisites[2m > [22mprepares only the prerequisite selected by update service recovery
 [2m[90m↓[39m[22m [30m[46m tooling [49m[39m test/scripts/test-projects.test.ts[2m > [22mtest runtime prerequisites[2m > [22mprepares only the prerequisite selected by candidate Gateway canary
 [2m[90m↓[39m[22m [30m[46m tooling [49m[39m test/scripts/test-projects.test.ts[2m > [22mtest runtime prerequisites[2m > [22mprepares only the prerequisite selected by infra config
 [2m[90m↓[39m[22m [30m[46m tooling [49m[39m test/scripts/test-projects.test.ts[2m > [22mtest runtime prerequisites[2m > [22mprepares only the prerequisite selected by native SDK generation
 [2m[90m↓[39m[22m [30m[46m tooling [49m[39m test/scripts/test-projects.test.ts[2m > [22mtest runtime prerequisites[2m > [22mprepares only the prerequisite selected by config startup SDK
 [2m[90m↓[39m[22m [30m[46m tooling [49m[39m test/scripts/test-projects.test.ts[2m > [22mtest runtime prerequisites[2m > [22mprepares only the prerequisite selected by state startup SDK
 [2m[90m↓[39m[22m [30m[46m tooling [49m[39m test/scripts/test-projects.test.ts[2m > [22mtest runtime prerequisites[2m > [22mprepares only the prerequisite selected by runtime config project
 [2m[90m↓[39m[22m [30m[46m tooling [49m[39m test/scripts/test-projects.test.ts[2m > [22mtest runtime prerequisites[2m > [22mprepares only the prerequisite selected by context engine sandbox SDK
 [2m[90m↓[39m[22m [30m[46m tooling [49m[39m test/scripts/test-projects.test.ts[2m > [22mtest runtime prerequisites[2m > [22mprepares only the prerequisite selected by native direct loader SDK
 [2m[90m↓[39m[22m [30m[46m tooling [49m[39m test/scripts/test-projects.test.ts[2m > [22mtest runtime prerequisites[2m > [22mprepares only the prerequisite selected by native setup registry SDK
 [2m[90m↓[39m[22m [30m[46m tooling [49m[39m test/scripts/test-projects.test.ts[2m > [22mtest runtime prerequisites[2m > [22mprepares only the prerequisite selected by native source checkout SDK
 [2m[90m↓[39m[22m [30m[46m tooling [49m[39m test/scripts/test-projects.test.ts[2m > [22mtest runtime prerequisites[2m > [22mprepares only the prerequisite selected by native provider contract SDK
 [2m[90m↓[39m[22m [30m[46m tooling [49m[39m test/scripts/test-projects.test.ts[2m > [22mtest runtime prerequisites[2m > [22mprepares only the prerequisite selected by native catalog auth SDK
 [2m[90m↓[39m[22m [30m[46m tooling [49m[39m test/scripts/test-projects.test.ts[2m > [22mtest runtime prerequisites[2m > [22mprepares only the prerequisite selected by models.list native catalog
 [2m[90m↓[39m[22m [30m[46m tooling [49m[39m test/scripts/test-projects.test.ts[2m > [22mtest runtime prerequisites[2m > [22mprepares only the prerequisite selected by native package setup SDK
 [2m[90m↓[39m[22m [30m[46m tooling [49m[39m test/scripts/test-projects.test.ts[2m > [22mtest runtime prerequisites[2m > [22mprepares only the prerequisite selected by native Linux node SDK
 [2m[90m↓[39m[22m [30m[46m tooling [49m[39m test/scripts/test-projects.test.ts[2m > [22mtest runtime prerequisites[2m > [22mprepares only the prerequisite selected by native catalog worker SDK
 [2m[90m↓[39m[22m [30m[46m tooling [49m[39m test/scripts/test-projects.test.ts[2m > [22mtest runtime prerequisites[2m > [22mprepares only the prerequisite selected by native Google Meet SDK
 [2m[90m↓[39m[22m [30m[46m tooling [49m[39m test/scripts/test-projects.test.ts[2m > [22mtest runtime prerequisites[2m > [22mprepares only the prerequisite selected by native channel directory config SDK
 [2m[90m↓[39m[22m [30m[46m tooling [49m[39m test/scripts/test-projects.test.ts[2m > [22mtest runtime prerequisites[2m > [22mprepares only the prerequisite selected by native channel directory session SDK
 [2m[90m↓[39m[22m [30m[46m tooling [49m[39m test/scripts/test-projects.test.ts[2m > [22mtest runtime prerequisites[2m > [22mprepares only the prerequisite selected by native channel surfaces session SDK
 [2m[90m↓[39m[22m [30m[46m tooling [49m[39m test/scripts/test-projects.test.ts[2m > [22mtest runtime prerequisites[2m > [22mprepares only the prerequisite selected by native channel shape SDK
 [2m[90m↓[39m[22m [30m[46m tooling [49m[39m test/scripts/test-projects.test.ts[2m > [22mtest runtime prerequisites[2m > [22mprepares only the prerequisite selected by native SDK companion lifecycle
 [2m[90m↓[39m[22m [30m[46m tooling [49m[39m test/scripts/test-projects.test.ts[2m > [22mtest runtime prerequisites[2m > [22mprepares only the prerequisite selected by native completion transport SDK
 [2m[90m↓[39m[22m [30m[46m tooling [49m[39m test/scripts/test-projects.test.ts[2m > [22mtest runtime prerequisites[2m > [22mprepares only the prerequisite selected by agent core config
 [2m[90m↓[39m[22m [30m[46m tooling [49m[39m test/scripts/test-projects.test.ts[2m > [22mtest runtime prerequisites[2m > [22mprepares only the prerequisite selected by agent umbrella config
 [2m[90m↓[39m[22m [30m[46m tooling [49m[39m test/scripts/test-projects.test.ts[2m > [22mtest runtime prerequisites[2m > [22mprepares only the prerequisite selected by ordinary completion unit
 [2m[90m↓[39m[22m [30m[46m tooling [49m[39m test/scripts/test-projects.test.ts[2m > [22mtest runtime prerequisites[2m > [22mprepares only the prerequisite selected by direct completion fixture without SDK imports
 [2m[90m↓[39m[22m [30m[46m tooling [49m[39m test/scripts/test-projects.test.ts[2m > [22mtest runtime prerequisites[2m > [22mprepares only the prerequisite selected by native inspection fixture
 [2m[90m↓[39m[22m [30m[46m tooling [49m[39m test/scripts/test-projects.test.ts[2m > [22mtest runtime prerequisites[2m > [22mprepares only the prerequisite selected by source module generation
 [2m[90m↓[39m[22m [30m[46m tooling [49m[39m test/scripts/test-projects.test.ts[2m > [22mtest runtime prerequisites[2m > [22mprepares only the prerequisite selected by native module interop
 [2m[90m↓[39m[22m [30m[46m tooling [49m[39m test/scripts/test-projects.test.ts[2m > [22mtest runtime prerequisites[2m > [22mprepares only the prerequisite selected by plugins config
 [2m[90m↓[39m[22m [30m[46m tooling [49m[39m test/scripts/test-projects.test.ts[2m > [22mtest runtime prerequisites[2m > [22mprepares only the prerequisite selected by ordinary update unit test
 [2m[90m↓[39m[22m [30m[46m tooling [49m[39m test/scripts/test-projects.test.ts[2m > [22mtest runtime prerequisites[2m > [22mprepares only the prerequisite selected by CLI directory
 [2m[90m↓[39m[22m [30m[46m tooling [49m[39m test/scripts/test-projects.test.ts[2m > [22mtest runtime prerequisites[2m > [22mprepares only the prerequisite selected by CLI config
 [2m[90m↓[39m[22m [30m[46m tooling [49m[39m test/scripts/test-projects.test.ts[2m > [22mtest runtime prerequisites[2m > [22mprepares only the prerequisite selected by CLI process config
 [2m[90m↓[39m[22m [30m[46m tooling [49m[39m test/scripts/test-projects.test.ts[2m > [22mtest runtime prerequisites[2m > [22mprepares only the prerequisite selected by ordinary CLI unit test
 [2m[90m↓[39m[22m [30m[46m tooling [49m[39m test/scripts/test-projects.test.ts[2m > [22mtest runtime prerequisites[2m > [22mprepares only the prerequisite selected by Doctor CLI processes
 [2m[90m↓[39m[22m [30m[46m tooling [49m[39m test/scripts/test-projects.test.ts[2m > [22mtest runtime prerequisites[2m > [22mprepares only the prerequisite selected by Doctor repair rollback
 [2m[90m↓[39m[22m [30m[46m tooling [49m[39m test/scripts/test-projects.test.ts[2m > [22mtest runtime prerequisites[2m > [22mprepares only the prerequisite selected by Doctor retired plugin config
 [2m[90m↓[39m[22m [30m[46m tooling [49m[39m test/scripts/test-projects.test.ts[2m > [22mtest runtime prerequisites[2m > [22mprepares only the prerequisite selected by commands directory
 [2m[90m↓[39m[22m [30m[46m tooling [49m[39m test/scripts/test-projects.test.ts[2m > [22mtest runtime prerequisites[2m > [22mprepares only the prerequisite selected by commands config
 [2m[90m↓[39m[22m [30m[46m tooling [49m[39m test/scripts/test-projects.test.ts[2m > [22mtest runtime prerequisites[2m > [22mprepares only the prerequisite selected by ordinary Doctor unit test
 [2m[90m↓[39m[22m [30m[46m tooling [49m[39m test/scripts/test-projects.test.ts[2m > [22mtest runtime prerequisites[2m > [22mprepares only the prerequisite selected by Doctor source module probe
 [2m[90m↓[39m[22m [30m[46m tooling [49m[39m test/scripts/test-projects.test.ts[2m > [22mtest runtime prerequisites[2m > [22mprepares only the prerequisite selected by Codex delivery Gateway
 [2m[90m↓[39m[22m [30m[46m tooling [49m[39m test/scripts/test-projects.test.ts[2m > [22mtest runtime prerequisites[2m > [22mprepares only the prerequisite selected by Active Memory Gateway
 [2m[90m↓[39m[22m [30m[46m tooling [49m[39m test/scripts/test-projects.test.ts[2m > [22mtest runtime prerequisites[2m > [22mprepares only the prerequisite selected by concurrent Gateway streams
 [2m[90m↓[39m[22m [30m[46m tooling [49m[39m test/scripts/test-projects.test.ts[2m > [22mtest runtime prerequisites[2m > [22mprepares only the prerequisite selected by Gateway sidecar lifecycle
 [2m[90m↓[39m[22m [30m[46m tooling [49m[39m test/scripts/test-projects.test.ts[2m > [22mtest runtime prerequisites[2m > [22mprepares only the prerequisite selected by Windows cron process identity
 [2m[90m↓[39m[22m [30m[46m tooling [49m[39m test/scripts/test-projects.test.ts[2m > [22mtest runtime prerequisites[2m > [22mprepares only the prerequisite selected by real Gateway config edits
 [2m[90m↓[39m[22m [30m[46m tooling [49m[39m test/scripts/test-projects.test.ts[2m > [22mtest runtime prerequisites[2m > [22mprepares only the prerequisite selected by Gateway directory
 [2m[90m↓[39m[22m [30m[46m tooling [49m[39m test/scripts/test-projects.test.ts[2m > [22mtest runtime prerequisites[2m > [22mprepares only the prerequisite selected by Gateway core config
 [2m[90m↓[39m[22m [30m[46m tooling [49m[39m test/scripts/test-projects.test.ts[2m > [22mtest runtime prerequisites[2m > [22mprepares only the prerequisite selected by Gateway server config
 [2m[90m↓[39m[22m [30m[46m tooling [49m[39m test/scripts/test-projects.test.ts[2m > [22mtest runtime prerequisites[2m > [22mprepares only the prerequisite selected by Gateway umbrella config
 [2m[90m↓[39m[22m [30m[46m tooling [49m[39m test/scripts/test-projects.test.ts[2m > [22mtest runtime prerequisites[2m > [22mprepares only the prerequisite selected by agentic config
 [2m[90m↓[39m[22m [30m[46m tooling [49m[39m test/scripts/test-projects.test.ts[2m > [22mtest runtime prerequisites[2m > [22mprepares only the prerequisite selected by ordinary Gateway unit test
 [2m[90m↓[39m[22m [30m[46m tooling [49m[39m test/scripts/test-projects.test.ts[2m > [22mtest runtime prerequisites[2m > [22mprepares only the prerequisite selected by ordinary Gateway server test
 [2m[90m↓[39m[22m [30m[46m tooling [49m[39m test/scripts/test-projects.test.ts[2m > [22mtest runtime prerequisites[2m > [22mprepares only the prerequisite selected by ordinary QA unit test
 [2m[90m↓[39m[22m [30m[46m tooling [49m[39m test/scripts/test-projects.test.ts[2m > [22mtest runtime prerequisites[2m > [22mprepares only the prerequisite selected by model reader
 [2m[90m↓[39m[22m [30m[46m tooling [49m[39m test/scripts/test-projects.test.ts[2m > [22mtest runtime prerequisites[2m > [22mprepares direct lifecycle selection under test/vitest/vitest.gateway-server.config.ts
 [2m[90m↓[39m[22m [30m[46m tooling [49m[39m test/scripts/test-projects.test.ts[2m > [22mtest runtime prerequisites[2m > [22mprepares direct lifecycle selection under test/vitest/vitest.gateway.config.ts
 [2m[90m↓[39m[22m [30m[46m tooling [49m[39m test/scripts/test-projects.test.ts[2m > [22mtest runtime prerequisites[2m > [22mprepares direct lifecycle selection under test/vitest/vitest.full-agentic.config.ts
 [2m[90m↓[39m[22m [30m[46m tooling [49m[39m test/scripts/test-projects.test.ts[2m > [22mtest runtime prerequisites[2m > [22mkeeps bundled selection scoped after excluding src/plugins/loader.test.ts
 [2m[90m↓[39m[22m [30m[46m tooling [49m[39m test/scripts/test-projects.test.ts[2m > [22mtest runtime prerequisites[2m > [22mkeeps unit-fast selection scoped after excluding src/plugins/*.test.ts
 [2m[90m↓[39m[22m [30m[46m tooling [49m[39m test/scripts/test-projects.test.ts[2m > [22mtest runtime prerequisites[2m > [22mkeeps contracts-channel-config selection scoped after excluding src/channels/plugins/contracts/**
 [2m[90m↓[39m[22m [30m[46m tooling [49m[39m test/scripts/test-projects.test.ts[2m > [22mtest runtime prerequisites[2m > [22mkeeps contracts-channel-session selection scoped after excluding src/channels/plugins/contracts/**
 [2m[90m↓[39m[22m [30m[46m tooling [49m[39m test/scripts/test-projects.test.ts[2m > [22mtest runtime prerequisites[2m > [22mkeeps contracts-channel-registry selection scoped after excluding src/channels/plugins/contracts/**
 [2m[90m↓[39m[22m [30m[46m tooling [49m[39m test/scripts/test-projects.test.ts[2m > [22mtest runtime prerequisites[2m > [22mkeeps unit selection scoped after excluding src/node-host/**
 [2m[90m↓[39m[22m [30m[46m tooling [49m[39m test/scripts/test-projects.test.ts[2m > [22mtest runtime prerequisites[2m > [22mkeeps unit-src selection scoped after excluding src/node-host/**
 [2m[90m↓[39m[22m [30m[46m tooling [49m[39m test/scripts/test-projects.test.ts[2m > [22mtest runtime prerequisites[2m > [22mkeeps extensions selection scoped after excluding deepinfra/**
 [2m[90m↓[39m[22m [30m[46m tooling [49m[39m test/scripts/test-projects.test.ts[2m > [22mtest runtime prerequisites[2m > [22mkeeps extensions selection scoped after excluding deepinfra/**,google-meet/**
 [2m[90m↓[39m[22m [30m[46m tooling [49m[39m test/scripts/test-projects.test.ts[2m > [22mtest runtime prerequisites[2m > [22mkeeps tooling selection scoped after excluding test/**
 [2m[90m↓[39m[22m [30m[46m tooling [49m[39m test/scripts/test-projects.test.ts[2m > [22mtest runtime prerequisites[2m > [22mkeeps plugins selection scoped after excluding plugin-module-generation.sdk.test.ts
 [2m[90m↓[39m[22m [30m[46m tooling [49m[39m test/scripts/test-projects.test.ts[2m > [22mtest runtime prerequisites[2m > [22mkeeps runtime-config selection scoped after excluding config/config-startup-corpus.test.ts
 [2m[90m↓[39m[22m [30m[46m tooling [49m[39m test/scripts/test-projects.test.ts[2m > [22mtest runtime prerequisites[2m > [22mkeeps runtime-config selection scoped after excluding config/state-startup-corpus.test.ts
 [2m[90m↓[39m[22m [30m[46m tooling [49m[39m test/scripts/test-projects.test.ts[2m > [22mtest runtime prerequisites[2m > [22mkeeps runtime-config selection scoped after excluding config/config-startup-corpus.test.ts,config/state-startup-corpus.test.ts
 [2m[90m↓[39m[22m [30m[46m tooling [49m[39m test/scripts/test-projects.test.ts[2m > [22mtest runtime prerequisites[2m > [22mkeeps runtime-config selection scoped after excluding config/config-startup-corpus.test.ts,config/state-startup-corpus.test.ts,config/sessions/session-accessor.sqlite-reclamation-memory.test.ts
 [2m[90m↓[39m[22m [30m[46m tooling [49m[39m test/scripts/test-projects.test.ts[2m > [22mtest runtime prerequisites[2m > [22mkeeps agents-core selection scoped after excluding simple-completion-runtime.plugin-scope.test.ts
 [2m[90m↓[39m[22m [30m[46m tooling [49m[39m test/scripts/test-projects.test.ts[2m > [22mtest runtime prerequisites[2m > [22mkeeps agents selection scoped after excluding simple-completion-runtime.plugin-scope.test.ts
 [2m[90m↓[39m[22m [30m[46m tooling [49m[39m test/scripts/test-projects.test.ts[2m > [22mtest runtime prerequisites[2m > [22mkeeps agents-core selection scoped after excluding simple-completion-runtime.plugin-scope.test.ts,prepared-model-catalog-worker.integration.test.ts,runtime-plugins.context-engine.integration.test.ts
 [2m[90m↓[39m[22m [30m[46m tooling [49m[39m test/scripts/test-projects.test.ts[2m > [22mtest runtime prerequisites[2m > [22mkeeps agents selection scoped after excluding simple-completion-runtime.plugin-scope.test.ts,prepared-model-catalog-worker.integration.test.ts,runtime-plugins.context-engine.integration.test.ts
 [2m[90m↓[39m[22m [30m[46m tooling [49m[39m test/scripts/test-projects.test.ts[2m > [22mtest runtime prerequisites[2m > [22mkeeps gateway-core selection scoped after excluding gateway-*.test.ts
 [2m[90m↓[39m[22m [30m[46m tooling [49m[39m test/scripts/test-projects.test.ts[2m > [22mtest runtime prerequisites[2m > [22mkeeps gateway-server selection scoped after excluding server-sidecar-retention.test.ts
 [2m[90m↓[39m[22m [30m[46m tooling [49m[39m test/scripts/test-projects.test.ts[2m > [22mtest runtime prerequisites[2m > [22mkeeps gateway-server selection scoped after excluding server.config-patch.test.ts
 [2m[90m↓[39m[22m [30m[46m tooling [49m[39m test/scripts/test-projects.test.ts[2m > [22mtest runtime prerequisites[2m > [22mkeeps gateway-server selection scoped after excluding server-sidecar-retention.test.ts,server.config-patch.test.ts
 [2m[90m↓[39m[22m [30m[46m tooling [49m[39m test/scripts/test-projects.test.ts[2m > [22mtest runtime prerequisites[2m > [22mkeeps gateway selection scoped after excluding gateway-*.test.ts
 [2m[90m↓[39m[22m [30m[46m tooling [49m[39m test/scripts/test-projects.test.ts[2m > [22mtest runtime prerequisites[2m > [22mkeeps gateway selection scoped after excluding server*.test.ts
 [2m[90m↓[39m[22m [30m[46m tooling [49m[39m test/scripts/test-projects.test.ts[2m > [22mtest runtime prerequisites[2m > [22mkeeps tooling selection scoped after excluding **/gateway-codex-delivery-cache.test.ts
 [2m[90m↓[39m[22m [30m[46m tooling [49m[39m test/scripts/test-projects.test.ts[2m > [22mtest runtime prerequisites[2m > [22mkeeps extension-telegram selection scoped after excluding **/polling-session.test.ts,**/sticker-cache.selection.test.ts
 [2m[90m↓[39m[22m [30m[46m tooling [49m[39m test/scripts/test-projects.test.ts[2m > [22mtest runtime prerequisites[2m > [22mprojects invocation-owned include files when selecting prerequisites
 [2m[90m↓[39m[22m [30m[46m tooling [49m[39m test/scripts/test-projects.test.ts[2m > [22mtest runtime prerequisites[2m > [22mcombines private QA and runtime readers into one private build
 [2m[90m↓[39m[22m [30m[46m tooling [49m[39m test/scripts/test-projects.test.ts[2m > [22mscripts/test-projects changed-target routing[2m > [22mmaps changed source files into scoped lane targets
 [2m[90m↓[39m[22m [30m[46m tooling [49m[39m test/scripts/test-projects.test.ts[2m > [22mscripts/test-projects changed-target routing[2m > [22mruns both Mermaid browser boundaries when packages/mermaid-renderer/package.json changes
 [2m[90m↓[39m[22m [30m[46m tooling [49m[39m test/scripts/test-projects.test.ts[2m > [22mscripts/test-projects changed-target routing[2m > [22mruns both Mermaid browser boundaries when packages/mermaid-renderer/vite.config.ts changes
 [2m[90m↓[39m[22m [30m[46m tooling [49m[39m test/scripts/test-projects.test.ts[2m > [22mscripts/test-projects changed-target routing[2m > [22mruns both Mermaid browser boundaries when packages/mermaid-renderer/native/index.html changes
 [2m[90m↓[39m[22m [30m[46m tooling [49m[39m test/scripts/test-projects.test.ts[2m > [22mscripts/test-projects changed-target routing[2m > [22mruns both Mermaid browser boundaries when packages/mermaid-renderer/src/renderer.ts changes
 [2m[90m↓[39m[22m [30m[46m tooling [49m[39m test/scripts/test-projects.test.ts[2m > [22mscripts/test-projects changed-target routing[2m > [22mruns both Mermaid browser boundaries when packages/mermaid-renderer/src/frame.js changes
 [2m[90m↓[39m[22m [30m[46m tooling [49m[39m test/scripts/test-projects.test.ts[2m > [22mscripts/test-projects changed-target routing[2m > [22mruns both Mermaid browser boundaries when packages/mermaid-renderer/src/native.ts changes
 [2m[90m↓[39m[22m [30m[46m tooling [49m[39m test/scripts/test-projects.test.ts[2m > [22mscripts/test-projects changed-target routing[2m > [22mretains owner proof and adds both Mermaid boundaries for packages/normalization-core/src/record-coerce.ts
 [2m[90m↓[39m[22m [30m[46m tooling [49m[39m test/scripts/test-projects.test.ts[2m > [22mscripts/test-projects changed-target routing[2m > [22mretains owner proof and adds both Mermaid boundaries for packages/normalization-core/package.json
 [2m[90m↓[39m[22m [30m[46m tooling [49m[39m test/scripts/test-projects.test.ts[2m > [22mscripts/test-projects changed-target routing[2m > [22mretains owner proof and adds both Mermaid boundaries for tsconfig.json
 [2m[90m↓[39m[22m [30m[46m tooling [49m[39m test/scripts/test-projects.test.ts[2m > [22mscripts/test-projects changed-target routing[2m > [22mroutes Apple Mermaid preparation to its build and packaging proof
 [2m[90m↓[39m[22m [30m[46m tooling [49m[39m test/scripts/test-projects.test.ts[2m > [22mscripts/test-projects changed-target routing[2m > [22mbounds extensionless prefix probes while excluding deleted cached matches
 [2m[90m↓[39m[22m [30m[46m tooling [49m[39m test/scripts/test-projects.test.ts[2m > [22mscripts/test-projects changed-target routing[2m > [22mroutes setup inference transcript ownership changes through both regressions for src/system-agent/setup-inference-turn.ts
 [2m[90m↓[39m[22m [30m[46m tooling [49m[39m test/scripts/test-projects.test.ts[2m > [22mscripts/test-projects changed-target routing[2m > [22mroutes setup inference transcript ownership changes through both regressions for src/agents/embedded-agent-runner/run/run-attempt-dispatch.ts
 [2m[90m↓[39m[22m [30m[46m tooling [49m[39m test/scripts/test-projects.test.ts[2m > [22mscripts/test-projects changed-target routing[2m > [22mkeeps changed mode focused by default for Vitest wiring edits
 [2m[90m↓[39m[22m [30m[46m tooling [49m[39m test/scripts/test-projects.test.ts[2m > [22mscripts/test-projects changed-target routing[2m > [22mskips deleted direct test files in changed mode
 [2m[90m↓[39m[22m [30m[46m tooling [49m[39m test/scripts/test-projects.test.ts[2m > [22mscripts/test-projects changed-target routing[2m > [22mrecords broad fallback paths skipped by focused changed mode
 [2m[90m↓[39m[22m [30m[46m tooling [49m[39m test/scripts/test-projects.test.ts[2m > [22mscripts/test-projects changed-target routing[2m > [22mkeeps the broad changed run available for Vitest wiring edits
 [2m[90m↓[39m[22m [30m[46m tooling [49m[39m test/scripts/test-projects.test.ts[2m > [22mscripts/test-projects changed-target routing[2m > [22mkeeps test runner implementation edits on runner tests
 [2m[90m↓[39m[22m [30m[46m tooling [49m[39m test/scripts/test-projects.test.ts[2m > [22mscripts/test-projects changed-target routing[2m > [22mkeeps changed-lanes shim and implementation edits on changed-lanes tests
 [2m[90m↓[39m[22m [30m[46m tooling [49m[39m test/scripts/test-projects.test.ts[2m > [22mscripts/test-projects changed-target routing[2m > [22mroutes shared TypeScript tooling changes through wrapper tests for scripts/lib/tsx-cli-shim.mjs
 [2m[90m↓[39m[22m [30m[46m tooling [49m[39m test/scripts/test-projects.test.ts[2m > [22mscripts/test-projects changed-target routing[2m > [22mroutes shared TypeScript tooling changes through wrapper tests for scripts/tsx.mjs
 [2m[90m↓[39m[22m [30m[46m tooling [49m[39m test/scripts/test-projects.test.ts[2m > [22mscripts/test-projects changed-target routing[2m > [22mroutes Docker pull retry helper changes through its regression test
 [2m[90m↓[39m[22m [30m[46m tooling [49m[39m test/scripts/test-projects.test.ts[2m > [22mscripts/test-projects changed-target routing[2m > [22mroutes live command retry helper changes through its regression test
 [2m[90m↓[39m[22m [30m[46m tooling [49m[39m test/scripts/test-projects.test.ts[2m > [22mscripts/test-projects changed-target routing[2m > [22mroutes Codex version changes through cross-plugin contract tests for extensions/codex/package.json
 [2m[90m↓[39m[22m [30m[46m tooling [49m[39m test/scripts/test-projects.test.ts[2m > [22mscripts/test-projects changed-target routing[2m > [22mroutes Codex version changes through cross-plugin contract tests for extensions/codex/src/app-server/version.ts
 [2m[90m↓[39m[22m [30m[46m tooling [49m[39m test/scripts/test-projects.test.ts[2m > [22mscripts/test-projects changed-target routing[2m > [22mroutes control UI i18n script changes through its regression test
 [2m[90m↓[39m[22m [30m[46m tooling [49m[39m test/scripts/test-projects.test.ts[2m > [22mscripts/test-projects changed-target routing[2m > [22mkeeps shared PR worktree helper edits on the full tooling owner suite
 [2m[90m↓[39m[22m [30m[46m tooling [49m[39m test/scripts/test-projects.test.ts[2m > [22mscripts/test-projects changed-target routing[2m > [22mroutes native merge changes through the outcome owner for scripts/pr
 [2m[90m↓[39m[22m [30m[46m tooling [49m[39m test/scripts/test-projects.test.ts[2m > [22mscripts/test-projects changed-target routing[2m > [22mroutes native merge changes through the outcome owner for scripts/pr-lib/merge.sh
 [2m[90m↓[39m[22m [30m[46m tooling [49m[39m test/scripts/test-projects.test.ts[2m > [22mscripts/test-projects changed-target routing[2m > [22mroutes native merge changes through the outcome owner for scripts/pr-lib/merge-outcome.sh
 [2m[90m↓[39m[22m [30m[46m tooling [49m[39m test/scripts/test-projects.test.ts[2m > [22mscripts/test-projects changed-target routing[2m > [22mroutes unmatched script changes to the tooling suite instead of skipping tests
 [2m[90m↓[39m[22m [30m[46m tooling [49m[39m test/scripts/test-projects.test.ts[2m > [22mscripts/test-projects changed-target routing[2m > [22mroutes group visible reply config changes through channel delivery regressions
 [2m[90m↓[39m[22m [30m[46m tooling [49m[39m test/scripts/test-projects.test.ts[2m > [22mscripts/test-projects changed-target routing[2m > [22mroutes source reply prompt changes through prompt and channel delivery regressions
 [2m[90m↓[39m[22m [30m[46m tooling [49m[39m test/scripts/test-projects.test.ts[2m > [22mscripts/test-projects changed-target routing[2m > [22mroutes source reply delivery mode changes through channel delivery regressions
 [2m[90m↓[39m[22m [30m[46m tooling [49m[39m test/scripts/test-projects.test.ts[2m > [22mscripts/test-projects changed-target routing[2m > [22mroutes channel reply pipeline SDK changes through SDK and channel delivery regressions
 [2m[90m↓[39m[22m [30m[46m tooling [49m[39m test/scripts/test-projects.test.ts[2m > [22mscripts/test-projects changed-target routing[2m > [22mroutes reply runtime SDK exports through plugin SDK contract tests
 [2m[90m↓[39m[22m [30m[46m tooling [49m[39m test/scripts/test-projects.test.ts[2m > [22mscripts/test-projects changed-target routing[2m > [22mkeeps extension batch runner edits on extension script tests
 [2m[90m↓[39m[22m [30m[46m tooling [49m[39m test/scripts/test-projects.test.ts[2m > [22mscripts/test-projects changed-target routing[2m > [22mkeeps check runner edits on check runner tests
 [2m[90m↓[39m[22m [30m[46m tooling [49m[39m test/scripts/test-projects.test.ts[2m > [22mscripts/test-projects changed-target routing[2m > [22mroutes the Vitest fork patch and its fixture to lifecycle proof
 [2m[90m↓[39m[22m [30m[46m tooling [49m[39m test/scripts/test-projects.test.ts[2m > [22mscripts/test-projects changed-target routing[2m > [22mkeeps build runner edits on build runner tests
 [2m[90m↓[39m[22m [30m[46m tooling [49m[39m test/scripts/test-projects.test.ts[2m > [22mscripts/test-projects changed-target routing[2m > [22mroutes recovery survivor orchestration to its assertion owner
 [2m[90m↓[39m[22m [30m[46m tooling [49m[39m test/scripts/test-projects.test.ts[2m > [22mscripts/test-projects changed-target routing[2m > [22mroutes the watchOS survivor adapter to its contract test
 [2m[90m↓[39m[22m [30m[46m tooling [49m[39m test/scripts/test-projects.test.ts[2m > [22mscripts/test-projects changed-target routing[2m > [22mkeeps force-test runner edits on its safe CLI tests
 [2m[90m↓[39m[22m [30m[46m tooling [49m[39m test/scripts/test-projects.test.ts[2m > [22mscripts/test-projects changed-target routing[2m > [22mkeeps live-test runner edits on live-test runner tests
 [2m[90m↓[39m[22m [30m[46m tooling [49m[39m test/scripts/test-projects.test.ts[2m > [22mscripts/test-projects changed-target routing[2m > [22mkeeps tsdown build runner edits on tsdown build tests
 [2m[90m↓[39m[22m [30m[46m tooling [49m[39m test/scripts/test-projects.test.ts[2m > [22mscripts/test-projects changed-target routing[2m > [22mkeeps verify runner edits on verify runner tests
 [2m[90m↓[39m[22m [30m[46m tooling [49m[39m test/scripts/test-projects.test.ts[2m > [22mscripts/test-projects changed-target routing[2m > [22mroutes scripts/run-oxlint-shards.mts through the lint status boundary and existing owners
 [2m[90m↓[39m[22m [30m[46m tooling [49m[39m test/scripts/test-projects.test.ts[2m > [22mscripts/test-projects changed-target routing[2m > [22mroutes scripts/run-oxlint.mts through the lint status boundary and existing owners
 [2m[90m↓[39m[22m [30m[46m tooling [49m[39m test/scripts/test-projects.test.ts[2m > [22mscripts/test-projects changed-target routing[2m > [22mroutes scripts/run-oxlint.mjs through the lint status boundary and existing owners
 [2m[90m↓[39m[22m [30m[46m tooling [49m[39m test/scripts/test-projects.test.ts[2m > [22mscripts/test-projects changed-target routing[2m > [22mroutes scripts/run-lint.mts through the lint status boundary and existing owners
 [2m[90m↓[39m[22m [30m[46m tooling [49m[39m test/scripts/test-projects.test.ts[2m > [22mscripts/test-projects changed-target routing[2m > [22mroutes scripts/run-stylelint.mts through the lint status boundary and existing owners
 [2m[90m↓[39m[22m [30m[46m tooling [49m[39m test/scripts/test-projects.test.ts[2m > [22mscripts/test-projects changed-target routing[2m > [22mroutes scripts/lib/failed-trailer.mts through the lint status boundary and existing owners
 [2m[90m↓[39m[22m [30m[46m tooling [49m[39m test/scripts/test-projects.test.ts[2m > [22mscripts/test-projects changed-target routing[2m > [22mroutes scripts/lib/managed-child-process.mts through the lint status boundary and existing owners
 [2m[90m↓[39m[22m [30m[46m tooling [49m[39m test/scripts/test-projects.test.ts[2m > [22mscripts/test-projects changed-target routing[2m > [22mroutes scripts/lib/dist-artifact-ownership.mts through the lint status boundary and existing owners
 [2m[90m↓[39m[22m [30m[46m tooling [49m[39m test/scripts/test-projects.test.ts[2m > [22mscripts/test-projects changed-target routing[2m > [22mkeeps env wrapper edits on env wrapper tests
 [2m[90m↓[39m[22m [30m[46m tooling [49m[39m test/scripts/test-projects.test.ts[2m > [22mscripts/test-projects changed-target routing[2m > [22mkeeps Crabbox config edits on package acceptance tests
 [2m[90m↓[39m[22m [30m[46m tooling [49m[39m test/scripts/test-projects.test.ts[2m > [22mscripts/test-projects changed-target routing[2m > [22mkeeps scripts tsconfig edits on oxlint config tests
 [2m[90m↓[39m[22m [30m[46m tooling [49m[39m test/scripts/test-projects.test.ts[2m > [22mscripts/test-projects changed-target routing[2m > [22mkeeps the scripts typecheck project on its routing tests
 [2m[90m↓[39m[22m [30m[46m tooling [49m[39m test/scripts/test-projects.test.ts[2m > [22mscripts/test-projects changed-target routing[2m > [22mkeeps docs i18n behavior fixture edits on behavior baseline tests
 [2m[90m↓[39m[22m [30m[46m tooling [49m[39m test/scripts/test-projects.test.ts[2m > [22mscripts/test-projects changed-target routing[2m > [22mkeeps docs i18n Go edits on their module and workflow guards
 [2m[90m↓[39m[22m [30m[46m tooling [49m[39m test/scripts/test-projects.test.ts[2m > [22mscripts/test-projects changed-target routing[2m > [22mkeeps k8s manifest edits on manifest tests
 [2m[90m↓[39m[22m [30m[46m tooling [49m[39m test/scripts/test-projects.test.ts[2m > [22mscripts/test-projects changed-target routing[2m > [22mkeeps Crabbox runner script edits on their regression tests
 [2m[90m↓[39m[22m [30m[46m tooling [49m[39m test/scripts/test-projects.test.ts[2m > [22mscripts/test-projects changed-target routing[2m > [22mkeeps Crabbox gate trust-boundary scripts on their owner tests
 [2m[90m↓[39m[22m [30m[46m tooling [49m[39m test/scripts/test-projects.test.ts[2m > [22mscripts/test-projects changed-target routing[2m > [22mkeeps build stamp script edits on the build stamp regression test
 [2m[90m↓[39m[22m [30m[46m tooling [49m[39m test/scripts/test-projects.test.ts[2m > [22mscripts/test-projects changed-target routing[2m > [22mkeeps bundled plugin metadata copier edits on runtime owner tests
 [2m[90m↓[39m[22m [30m[46m tooling [49m[39m test/scripts/test-projects.test.ts[2m > [22mscripts/test-projects changed-target routing[2m > [22mselects executable Git boundary proof for .github/actions/git-owner/owner.py
 [2m[90m↓[39m[22m [30m[46m tooling [49m[39m test/scripts/test-projects.test.ts[2m > [22mscripts/test-projects changed-target routing[2m > [22mselects executable Git boundary proof for .github/actions/git-owner/action.yml
 [2m[90m↓[39m[22m [30m[46m tooling [49m[39m test/scripts/test-projects.test.ts[2m > [22mscripts/test-projects changed-target routing[2m > [22mselects executable Git boundary proof for .github/actions/ensure-base-commit/policy.py
 [2m[90m↓[39m[22m [30m[46m tooling [49m[39m test/scripts/test-projects.test.ts[2m > [22mscripts/test-projects changed-target routing[2m > [22mselects executable Git boundary proof for .github/actions/ensure-base-commit/action.yml
 [2m[90m↓[39m[22m [30m[46m tooling [49m[39m test/scripts/test-projects.test.ts[2m > [22mscripts/test-projects changed-target routing[2m > [22mselects executable Git boundary proof for scripts/generate-ci-git-owner.mts
 [2m[90m↓[39m[22m [30m[46m tooling [49m[39m test/scripts/test-projects.test.ts[2m > [22mscripts/test-projects changed-target routing[2m > [22mselects executable Git boundary proof for .github/workflows/workflow-sanity.yml
 [31m×[39m [30m[46m tooling [49m[39m test/scripts/test-projects.test.ts[2m > [22mscripts/test-projects changed-target routing[2m > [22mroutes QA Profile Evidence through Git lifecycle and existing workflow owners[33m 5767[2mms[22m[39m
[31m   → expected { mode: 'targets', targets: [ …(6) ] } to deeply equal { mode: 'targets', targets: [ …(5) ] }[39m
 [2m[90m↓[39m[22m [30m[46m tooling [49m[39m test/scripts/test-projects.test.ts[2m > [22mscripts/test-projects changed-target routing[2m > [22mroutes simple release admission lifecycle and semantic proof for .github/workflows/linux-app-release.yml
 [2m[90m↓[39m[22m [30m[46m tooling [49m[39m test/scripts/test-projects.test.ts[2m > [22mscripts/test-projects changed-target routing[2m > [22mroutes simple release admission lifecycle and semantic proof for .github/workflows/macos-release.yml
 [2m[90m↓[39m[22m [30m[46m tooling [49m[39m test/scripts/test-projects.test.ts[2m > [22mscripts/test-projects changed-target routing[2m > [22mroutes simple release admission lifecycle and semantic proof for .github/workflows/npm-placeholder-bootstrap.yml
 [2m[90m↓[39m[22m [30m[46m tooling [49m[39m test/scripts/test-projects.test.ts[2m > [22mscripts/test-projects changed-target routing[2m > [22mkeeps CI workflow edits on workflow guard tests
 [2m[90m↓[39m[22m [30m[46m tooling [49m[39m test/scripts/test-projects.test.ts[2m > [22mscripts/test-projects changed-target routing[2m > [22mkeeps full release validation workflow edits on FRV contract tests
 [2m[90m↓[39m[22m [30m[46m tooling [49m[39m test/scripts/test-projects.test.ts[2m > [22mscripts/test-projects changed-target routing[2m > [22mroutes candidate reuse library changes through the owner test for scripts/full-release-candidate-reuse.mjs
 [2m[90m↓[39m[22m [30m[46m tooling [49m[39m test/scripts/test-projects.test.ts[2m > [22mscripts/test-projects changed-target routing[2m > [22mroutes candidate reuse library changes through the owner test for scripts/lib/full-release-candidate-reuse.mjs
 [2m[90m↓[39m[22m [30m[46m tooling [49m[39m test/scripts/test-projects.test.ts[2m > [22mscripts/test-projects changed-target routing[2m > [22mroutes candidate reuse library changes through the owner test for scripts/lib/full-release-candidate-reuse.d.mts
 [2m[90m↓[39m[22m [30m[46m tooling [49m[39m test/scripts/test-projects.test.ts[2m > [22mscripts/test-projects changed-target routing[2m > [22mkeeps full release candidate workflow edits on candidate contract tests
 [2m[90m↓[39m[22m [30m[46m tooling [49m[39m test/scripts/test-projects.test.ts[2m > [22mscripts/test-projects changed-target routing[2m > [22munions semantic workflow owners with bounded direct references
 [2m[90m↓[39m[22m [30m[46m tooling [49m[39m test/scripts/test-projects.test.ts[2m > [22mscripts/test-projects changed-target routing[2m > [22munions exact owners and references for .github/workflows/plugin-npm-release.yml
 [2m[90m↓[39m[22m [30m[46m tooling [49m[39m test/scripts/test-projects.test.ts[2m > [22mscripts/test-projects changed-target routing[2m > [22munions exact owners and references for .github/actions/setup-node-env/action.y…
 [2m[90m↓[39m[22m [30m[46m tooling [49m[39m test/scripts/test-projects.test.ts[2m > [22mscripts/test-projects changed-target routing[2m > [22mroutes the Bun image consumer to its executable action regression
 [2m[90m↓[39m[22m [30m[46m tooling [49m[39m test/scripts/test-projects.test.ts[2m > [22mscripts/test-projects changed-target routing[2m > [22mroutes ClawHub publication through lifecycle and release workflow proof
 [2m[90m↓[39m[22m [30m[46m tooling [49m[39m test/scripts/test-projects.test.ts[2m > [22mscripts/test-projects changed-target routing[2m > [22mselects SDK publication regressions for scripts/write-plugin-sdk-entry-dts.ts
 [2m[90m↓[39m[22m [30m[46m tooling [49m[39m test/scripts/test-projects.test.ts[2m > [22mscripts/test-projects changed-target routing[2m > [22mselects SDK publication regressions for scripts/lib/local-check-runtime.mts
 [2m[90m↓[39m[22m [30m[46m tooling [49m[39m test/scripts/test-projects.test.ts[2m > [22mscripts/test-projects changed-target routing[2m > [22mdoes not scan direct references for semantic non-YAML tooling
 [2m[90m↓[39m[22m [30m[46m tooling [49m[39m test/scripts/test-projects.test.ts[2m > [22mscripts/test-projects changed-target routing[2m > [22mkeeps npm release workflow edits on the preflight cache guard
 [2m[90m↓[39m[22m [30m[46m tooling [49m[39m test/scripts/test-projects.test.ts[2m > [22mscripts/test-projects changed-target routing[2m > [22mroutes release workflow edits through their owning regression tests for .github/workflows/docker-release.yml
 [2m[90m↓[39m[22m [30m[46m tooling [49m[39m test/scripts/test-projects.test.ts[2m > [22mscripts/test-projects changed-target routing[2m > [22mroutes release workflow edits through their owning regression tests for .github/workflows/openclaw-release-publ…
 [2m[90m↓[39m[22m [30m[46m tooling [49m[39m test/scripts/test-projects.test.ts[2m > [22mscripts/test-projects changed-target routing[2m > [22mroutes release workflow edits through their owning regression tests for .github/workflows/vercel-container-regi…
 [2m[90m↓[39m[22m [30m[46m tooling [49m[39m test/scripts/test-projects.test.ts[2m > [22mscripts/test-projects changed-target routing[2m > [22mselects OCI publication proof for read-only Docker preparation changes
 [2m[90m↓[39m[22m [30m[46m tooling [49m[39m test/scripts/test-projects.test.ts[2m > [22mscripts/test-projects changed-target routing[2m > [22mkeeps generated locale publisher and inventory edits on workflow guards
 [2m[90m↓[39m[22m [30m[46m tooling [49m[39m test/scripts/test-projects.test.ts[2m > [22mscripts/test-projects changed-target routing[2m > [22mkeeps PR automation workflow edits on workflow guard tests
 [2m[90m↓[39m[22m [30m[46m tooling [49m[39m test/scripts/test-projects.test.ts[2m > [22mscripts/test-projects changed-target routing[2m > [22mkeeps security-sensitive guard workflow edits on guard workflow tests
 [2m[90m↓[39m[22m [30m[46m tooling [49m[39m test/scripts/test-projects.test.ts[2m > [22mscripts/test-projects changed-target routing[2m > [22mkeeps Crabbox and Testbox workflow edits on workflow regression tests
 [2m[90m↓[39m[22m [30m[46m tooling [49m[39m test/scripts/test-projects.test.ts[2m > [22mscripts/test-projects changed-target routing[2m > [22mroutes Periphery workflow edits through their scope regression tests
 [2m[90m↓[39m[22m [30m[46m tooling [49m[39m test/scripts/test-projects.test.ts[2m > [22mscripts/test-projects changed-target routing[2m > [22mroutes docs-sync-publish edits through docs, workflow, and native Git owner proof
 [2m[90m↓[39m[22m [30m[46m tooling [49m[39m test/scripts/test-projects.test.ts[2m > [22mscripts/test-projects changed-target routing[2m > [22mroutes docs-agent edits through docs, workflow, and native Git owner proof
 [2m[90m↓[39m[22m [30m[46m tooling [49m[39m test/scripts/test-projects.test.ts[2m > [22mscripts/test-projects changed-target routing[2m > [22mkeeps Mantis proof workflow edits on workflow evidence regression tests
 [2m[90m↓[39m[22m [30m[46m tooling [49m[39m test/scripts/test-projects.test.ts[2m > [22mscripts/test-projects changed-target routing[2m > [22mkeeps release-check workflow edits on release workflow regression tests
 [2m[90m↓[39m[22m [30m[46m tooling [49m[39m test/scripts/test-projects.test.ts[2m > [22mscripts/test-projects changed-target routing[2m > [22mkeeps workflow sanity script edits on workflow guard tests
 [2m[90m↓[39m[22m [30m[46m tooling [49m[39m test/scripts/test-projects.test.ts[2m > [22mscripts/test-projects changed-target routing[2m > [22mkeeps workflow helper guard edits on their regression tests
 [2m[90m↓[39m[22m [30m[46m tooling [49m[39m test/scripts/test-projects.test.ts[2m > [22mscripts/test-projects changed-target routing[2m > [22mkeeps CI, dependency, and docs tooling edits on owner tests
 [2m[90m↓[39m[22m [30m[46m tooling [49m[39m test/scripts/test-projects.test.ts[2m > [22mscripts/test-projects changed-target routing[2m > [22mroutes shared contract ownership and declarations through every affected lane
 [2m[90m↓[39m[22m [30m[46m tooling [49m[39m test/scripts/test-projects.test.ts[2m > [22mscripts/test-projects changed-target routing[2m > [22mkeeps QA Lab gateway smoke script edits on QA e2e tests
 [2m[90m↓[39m[22m [30m[46m tooling [49m[39m test/scripts/test-projects.test.ts[2m > [22mscripts/test-projects changed-target routing[2m > [22mroutes explicit tooling implementation files to owner tests
 [2m[90m↓[39m[22m [30m[46m tooling [49m[39m test/scripts/test-projects.test.ts[2m > [22mscripts/test-projects changed-target routing[2m > [22mroutes explicit source files through precise owner tests before broad globs
 [2m[90m↓[39m[22m [30m[46m tooling [49m[39m test/scripts/test-projects.test.ts[2m > [22mscripts/test-projects changed-target routing[2m > [22mroutes gateway package targets through the gateway-client lane
 [2m[90m↓[39m[22m [30m[46m tooling [49m[39m test/scripts/test-projects.test.ts[2m > [22mscripts/test-projects changed-target routing[2m > [22mrecords exact default-unit ownership for src/selector/one.test.ts without removing CLI filters
 [2m[90m↓[39m[22m [30m[46m tooling [49m[39m test/scripts/test-projects.test.ts[2m > [22mscripts/test-projects changed-target routing[2m > [22mrecords exact default-unit ownership for ./src/selector/one.test.ts without removing CLI filters
 [2m[90m↓[39m[22m [30m[46m tooling [49m[39m test/scripts/test-projects.test.ts[2m > [22mscripts/test-projects changed-target routing[2m > [22mkeeps unsupported default-unit targets on the CLI route: "src/selector/missing.test.ts"
 [2m[90m↓[39m[22m [30m[46m tooling [49m[39m test/scripts/test-projects.test.ts[2m > [22mscripts/test-projects changed-target routing[2m > [22mkeeps unsupported default-unit targets on the CLI route: "src/selector/one.spec.ts"
 [2m[90m↓[39m[22m [30m[46m tooling [49m[39m test/scripts/test-projects.test.ts[2m > [22mscripts/test-projects changed-target routing[2m > [22mkeeps unsupported default-unit targets on the CLI route: "src/selector/*.test.ts"
 [2m[90m↓[39m[22m [30m[46m tooling [49m[39m test/scripts/test-projects.test.ts[2m > [22mscripts/test-projects changed-target routing[2m > [22mkeeps unsupported default-unit targets on the CLI route: "src/selector/one.test.ts"
 [2m[90m↓[39m[22m [30m[46m tooling [49m[39m test/scripts/test-projects.test.ts[2m > [22mscripts/test-projects changed-target routing[2m > [22mkeeps unsupported default-unit targets on the CLI route: "src/selector/one.test.ts"
 [2m[90m↓[39m[22m [30m[46m tooling [49m[39m test/scripts/test-projects.test.ts[2m > [22mscripts/test-projects changed-target routing[2m > [22mkeeps unsupported default-unit targets on the CLI route: "src/selector/one.live.test.ts"
 [2m[90m↓[39m[22m [30m[46m tooling [49m[39m test/scripts/test-projects.test.ts[2m > [22mscripts/test-projects changed-target routing[2m > [22mkeeps unsupported default-unit targets on the CLI route: "outside/one.test.ts"
 [2m[90m↓[39m[22m [30m[46m tooling [49m[39m test/scripts/test-projects.test.ts[2m > [22mscripts/test-projects changed-target routing[2m > [22mpreserves absolute and watch default-unit target semantics
 [2m[90m↓[39m[22m [30m[46m tooling [49m[39m test/scripts/test-projects.test.ts[2m > [22mscripts/test-projects changed-target routing[2m > [22mkeeps inherited default-unit include files intersected with the CLI target
 [2m[90m↓[39m[22m [30m[46m tooling [49m[39m test/scripts/test-projects.test.ts[2m > [22mscripts/test-projects changed-target routing[2m > [22mroutes explicit imported source files through import-graph tests
 [2m[90m↓[39m[22m [30m[46m tooling [49m[39m test/scripts/test-projects.test.ts[2m > [22mscripts/test-projects changed-target routing[2m > [22mdeduplicates explicit source tests that share import-graph owners
 [2m[90m↓[39m[22m [30m[46m tooling [49m[39m test/scripts/test-projects.test.ts[2m > [22mscripts/test-projects changed-target routing[2m > [22mpreserves Git membership for large changed and explicit test inventories
 [2m[90m↓[39m[22m [30m[46m tooling [49m[39m test/scripts/test-projects.test.ts[2m > [22mscripts/test-projects changed-target routing[2m > [22mfollows converging import frontiers without crossing test boundaries
 [2m[90m↓[39m[22m [30m[46m tooling [49m[39m test/scripts/test-projects.test.ts[2m > [22mscripts/test-projects changed-target routing[2m > [22mcompletes broad-name fallback without synchronous source opens
 [2m[90m↓[39m[22m [30m[46m tooling [49m[39m test/scripts/test-projects.test.ts[2m > [22mscripts/test-projects changed-target routing[2m > [22mkeeps tooling imports direct while preserving literal file references (Git inventory)
 [2m[90m↓[39m[22m [30m[46m tooling [49m[39m test/scripts/test-projects.test.ts[2m > [22mscripts/test-projects changed-target routing[2m > [22mkeeps tooling imports direct while preserving literal file references (filesystem inventory)
 [2m[90m↓[39m[22m [30m[46m tooling [49m[39m test/scripts/test-projects.test.ts[2m > [22mscripts/test-projects changed-target routing[2m > [22mroutes many explicit source files through one import-graph-backed owner set
 [2m[90m↓[39m[22m [30m[46m tooling [49m[39m test/scripts/test-projects.test.ts[2m > [22mscripts/test-projects changed-target routing[2m > [22mdoes not route live tests through the normal changed-test lane
 [2m[90m↓[39m[22m [30m[46m tooling [49m[39m test/scripts/test-projects.test.ts[2m > [22mscripts/test-projects changed-target routing[2m > [22mroutes changed extension vitest configs to their own shard
 [2m[90m↓[39m[22m [30m[46m tooling [49m[39m test/scripts/test-projects.test.ts[2m > [22mscripts/test-projects changed-target routing[2m > [22mroutes the shell helper test to the isolated tooling shard
 [2m[90m↓[39m[22m [30m[46m tooling [49m[39m test/scripts/test-projects.test.ts[2m > [22mscripts/test-projects changed-target routing[2m > [22mroutes bundled provider auth parity test test/plugins/bundled-provider-auth-literal-parity.test.ts to the isolated tooling shard
 [2m[90m↓[39m[22m [30m[46m tooling [49m[39m test/scripts/test-projects.test.ts[2m > [22mscripts/test-projects changed-target routing[2m > [22mroutes bundled provider auth parity test test/plugins/bundled-provider-auth-literal-parity.2.test.ts to the isolated tooling shard
 [2m[90m↓[39m[22m [30m[46m tooling [49m[39m test/scripts/test-projects.test.ts[2m > [22mscripts/test-projects changed-target routing[2m > [22mroutes bundled provider auth parity test test/plugins/bundled-provider-auth-literal-parity.3.test.ts to the isolated tooling shard
 [2m[90m↓[39m[22m [30m[46m tooling [49m[39m test/scripts/test-projects.test.ts[2m > [22mscripts/test-projects changed-target routing[2m > [22mroutes process-group test test/scripts/check-extension-package-tsc-boundary.test.ts to the isolated tooling shard
 [2m[90m↓[39m[22m [30m[46m tooling [49m[39m test/scripts/test-projects.test.ts[2m > [22mscripts/test-projects changed-target routing[2m > [22mroutes process-group test test/scripts/check-plugin-sdk-wildcard-reexports.test.ts to the isolated tooling shard
 [2m[90m↓[39m[22m [30m[46m tooling [49m[39m test/scripts/test-projects.test.ts[2m > [22mscripts/test-projects changed-target routing[2m > [22mroutes process-group test test/scripts/control-ui-i18n.test.ts to the isolated tooling shard
 [2m[90m↓[39m[22m [30m[46m tooling [49m[39m test/scripts/test-projects.test.ts[2m > [22mscripts/test-projects changed-target routing[2m > [22mroutes host-owned database consumer src/agents/agent-tools.at-prefixed-remote-paths.test.ts to the infra fork shard
 [2m[90m↓[39m[22m [30m[46m tooling [49m[39m test/scripts/test-projects.test.ts[2m > [22mscripts/test-projects changed-target routing[2m > [22mroutes host-owned database consumer src/agents/agent-tools.create-openclaw-coding-tools.test.ts to the infra fork shard
 [2m[90m↓[39m[22m [30m[46m tooling [49m[39m test/scripts/test-projects.test.ts[2m > [22mscripts/test-projects changed-target routing[2m > [22mroutes host-owned database consumer src/agents/memory-write-provenance.test.ts to the infra fork shard
 [2m[90m↓[39m[22m [30m[46m tooling [49m[39m test/scripts/test-projects.test.ts[2m > [22mscripts/test-projects changed-target routing[2m > [22mroutes host-owned database consumer src/memory/memory-artifact-provenance.test.ts to the infra fork shard
 [2m[90m↓[39m[22m [30m[46m tooling [49m[39m test/scripts/test-projects.test.ts[2m > [22mscripts/test-projects changed-target routing[2m > [22mroutes host-owned database consumer src/plugin-sdk/memory-host-core.test.ts to the infra fork shard
 [2m[90m↓[39m[22m [30m[46m tooling [49m[39m test/scripts/test-projects.test.ts[2m > [22mscripts/test-projects changed-target routing[2m > [22mroutes host-owned database consumer src/plugin-sdk/memory-host-events.test.ts to the infra fork shard
 [2m[90m↓[39m[22m [30m[46m tooling [49m[39m test/scripts/test-projects.test.ts[2m > [22mscripts/test-projects changed-target routing[2m > [22mroutes host-owned database consumer src/plugin-sdk/outbound-media.test.ts to the infra fork shard
 [2m[90m↓[39m[22m [30m[46m tooling [49m[39m test/scripts/test-projects.test.ts[2m > [22mscripts/test-projects changed-target routing[2m > [22mroutes host-owned database consumer src/plugin-sdk/outbound-media.bulk.test.ts to the infra fork shard
 [2m[90m↓[39m[22m [30m[46m tooling [49m[39m test/scripts/test-projects.test.ts[2m > [22mscripts/test-projects changed-target routing[2m > [22mroutes host-owned database consumer src/plugin-sdk/outbound-media.retention.test.ts to the infra fork shard
 [2m[90m↓[39m[22m [30m[46m tooling [49m[39m test/scripts/test-projects.test.ts[2m > [22mscripts/test-projects changed-target routing[2m > [22mroutes host-owned database consumer src/plugin-sdk/provider-auth.test.ts to the infra fork shard
 [2m[90m↓[39m[22m [30m[46m tooling [49m[39m test/scripts/test-projects.test.ts[2m > [22mscripts/test-projects changed-target routing[2m > [22mroutes host-owned database consumer src/plugin-sdk/provider-auth-copilot-cache.test.ts to the infra fork shard
 [2m[90m↓[39m[22m [30m[46m tooling [49m[39m test/scripts/test-projects.test.ts[2m > [22mscripts/test-projects changed-target routing[2m > [22mroutes host-owned database consumer src/plugins/doctor-contract-registry.load-paths.test.ts to the infra fork shard
 [2m[90m↓[39m[22m [30m[46m tooling [49m[39m test/scripts/test-projects.test.ts[2m > [22mscripts/test-projects changed-target routing[2m > [22mroutes host-owned database consumer src/tasks/task-registry.test.ts to the infra fork shard
 [2m[90m↓[39m[22m [30m[46m tooling [49m[39m test/scripts/test-projects.test.ts[2m > [22mscripts/test-projects changed-target routing[2m > [22mroutes host-owned database consumer test/plugins/beam-http-identity.test.ts to the infra fork shard
 [2m[90m↓[39m[22m [30m[46m tooling [49m[39m test/scripts/test-projects.test.ts[2m > [22mscripts/test-projects changed-target routing[2m > [22mroutes host-owned database consumer src/plugin-sdk/runtime-doctor-migrations.test.ts to the infra fork shard
 [2m[90m↓[39m[22m [30m[46m tooling [49m[39m test/scripts/test-projects.test.ts[2m > [22mscripts/test-projects changed-target routing[2m > [22mroutes host-owned database consumer src/plugin-state/plugin-state-store.test.ts to the infra fork shard
 [2m[90m↓[39m[22m [30m[46m tooling [49m[39m test/scripts/test-projects.test.ts[2m > [22mscripts/test-projects changed-target routing[2m > [22mroutes host-owned database consumer src/plugin-state/plugin-state-store.bulk.test.ts to the infra fork shard
 [2m[90m↓[39m[22m [30m[46m tooling [49m[39m test/scripts/test-projects.test.ts[2m > [22mscripts/test-projects changed-target routing[2m > [22mroutes host-owned database consumer src/plugin-state/plugin-state-store.errors.test.ts to the infra fork shard
 [2m[90m↓[39m[22m [30m[46m tooling [49m[39m test/scripts/test-projects.test.ts[2m > [22mscripts/test-projects changed-target routing[2m > [22mroutes host-owned database consumer src/plugin-state/plugin-state-store.expiry.test.ts to the infra fork shard
 [2m[90m↓[39m[22m [30m[46m tooling [49m[39m test/scripts/test-projects.test.ts[2m > [22mscripts/test-projects changed-target routing[2m > [22mroutes host-owned database consumer src/plugin-state/plugin-state-store.fresh-store.test.ts to the infra fork shard
 [2m[90m↓[39m[22m [30m[46m tooling [49m[39m test/scripts/test-projects.test.ts[2m > [22mscripts/test-projects changed-target routing[2m > [22mroutes host-owned database consumer src/plugin-state/plugin-state-store.retention.test.ts to the infra fork shard
 [2m[90m↓[39m[22m [30m[46m tooling [49m[39m test/scripts/test-projects.test.ts[2m > [22mscripts/test-projects changed-target routing[2m > [22mroutes host-owned database consumer src/plugin-state/plugin-state-store.runtime.test.ts to the infra fork shard
 [2m[90m↓[39m[22m [30m[46m tooling [49m[39m test/scripts/test-projects.test.ts[2m > [22mscripts/test-projects changed-target routing[2m > [22mroutes host-owned database consumer src/plugin-state/plugin-state-store.schema.test.ts to the infra fork shard
 [2m[90m↓[39m[22m [30m[46m tooling [49m[39m test/scripts/test-projects.test.ts[2m > [22mscripts/test-projects changed-target routing[2m > [22mpreserves database consumer coverage for source target src/plugin-sdk/memory-host-events.ts
 [2m[90m↓[39m[22m [30m[46m tooling [49m[39m test/scripts/test-projects.test.ts[2m > [22mscripts/test-projects changed-target routing[2m > [22mpreserves database consumer coverage for source target src/plugin-sdk/persistent-dedupe.ts
 [2m[90m↓[39m[22m [30m[46m tooling [49m[39m test/scripts/test-projects.test.ts[2m > [22mscripts/test-projects changed-target routing[2m > [22mpreserves watch selection across database ownership for src/agents/**/*.test.ts
 [2m[90m↓[39m[22m [30m[46m tooling [49m[39m test/scripts/test-projects.test.ts[2m > [22mscripts/test-projects changed-target routing[2m > [22mpreserves watch selection across database ownership for test/plugins
 [2m[90m↓[39m[22m [30m[46m tooling [49m[39m test/scripts/test-projects.test.ts[2m > [22mscripts/test-projects changed-target routing[2m > [22mpreserves watch selection across database ownership for src/plugin-state
 [2m[90m↓[39m[22m [30m[46m tooling [49m[39m test/scripts/test-projects.test.ts[2m > [22mscripts/test-projects changed-target routing[2m > [22mretains the mixed watch rejection for src/agents/**/*.test.ts and test/plugins
 [2m[90m↓[39m[22m [30m[46m tooling [49m[39m test/scripts/test-projects.test.ts[2m > [22mscripts/test-projects changed-target routing[2m > [22mretains the mixed watch rejection for src/plugin-sdk/memory-host-events.test.ts and src/plugin-sdk/provider-auth.test.ts
 [2m[90m↓[39m[22m [30m[46m tooling [49m[39m test/scripts/test-projects.test.ts[2m > [22mscripts/test-projects changed-target routing[2m > [22mretains the mixed watch rejection for src/plugin-sdk/outbound-media.bulk.test.ts and src/plugin-sdk/provider-auth.test.ts
 [2m[90m↓[39m[22m [30m[46m tooling [49m[39m test/scripts/test-projects.test.ts[2m > [22mscripts/test-projects changed-target routing[2m > [22mpreserves whole-owner watch coverage for test/vitest/vitest.plugins.config.ts with src/plugins/doctor-contract-registry.load-paths.test.ts
 [2m[90m↓[39m[22m [30m[46m tooling [49m[39m test/scripts/test-projects.test.ts[2m > [22mscripts/test-projects changed-target routing[2m > [22mpreserves whole-owner watch coverage for test/vitest/vitest.plugin-sdk.config.ts with src/plugin-sdk/provider-auth.test.ts
 [2m[90m↓[39m[22m [30m[46m tooling [49m[39m test/scripts/test-projects.test.ts[2m > [22mscripts/test-projects changed-target routing[2m > [22mretains database worker ownership for directory and glob target src/plugin-state
 [2m[90m↓[39m[22m [30m[46m tooling [49m[39m test/scripts/test-projects.test.ts[2m > [22mscripts/test-projects changed-target routing[2m > [22mretains database worker ownership for directory and glob target src/plugin-sdk
 [2m[90m↓[39m[22m [30m[46m tooling [49m[39m test/scripts/test-projects.test.ts[2m > [22mscripts/test-projects changed-target routing[2m > [22mretains database worker ownership for directory and glob target src/agents
 [2m[90m↓[39m[22m [30m[46m tooling [49m[39m test/scripts/test-projects.test.ts[2m > [22mscripts/test-projects changed-target routing[2m > [22mretains database worker ownership for directory and glob target test/plugins
 [2m[90m↓[39m[22m [30m[46m tooling [49m[39m test/scripts/test-projects.test.ts[2m > [22mscripts/test-projects changed-target routing[2m > [22mroutes isolated agent test src/agents/cli-runner/bundle-mcp.user-config.test.ts to the isolated agents-core shard
 [2m[90m↓[39m[22m [30m[46m tooling [49m[39m test/scripts/test-projects.test.ts[2m > [22mscripts/test-projects changed-target routing[2m > [22mroutes isolated agent test src/agents/failover/classify.legacy-provider-predicates.test.ts to the isolated agents-core shard
 [2m[90m↓[39m[22m [30m[46m tooling [49m[39m test/scripts/test-projects.test.ts[2m > [22mscripts/test-projects changed-target routing[2m > [22mroutes isolated agent test src/agents/failover/failover-classification.corpus.test.ts to the isolated agents-core shard
 [2m[90m↓[39m[22m [30m[46m tooling [49m[39m test/scripts/test-projects.test.ts[2m > [22mscripts/test-projects changed-target routing[2m > [22mroutes isolated agent test src/agents/failover/provider-structured-signals.test.ts to the isolated agents-core shard
 [2m[90m↓[39m[22m [30m[46m tooling [49m[39m test/scripts/test-projects.test.ts[2m > [22mscripts/test-projects changed-target routing[2m > [22mroutes isolated agent test src/agents/media-generation-task-status-shared.test.ts to the isolated agents-core shard
 [2m[90m↓[39m[22m [30m[46m tooling [49m[39m test/scripts/test-projects.test.ts[2m > [22mscripts/test-projects changed-target routing[2m > [22mroutes isolated agent test src/agents/media-generation-task-status.test.ts to the isolated agents-core shard
 [2m[90m↓[39m[22m [30m[46m tooling [49m[39m test/scripts/test-projects.test.ts[2m > [22mscripts/test-projects changed-target routing[2m > [22mroutes isolated agent test src/agents/mcp-http-fetch.test.ts to the isolated agents-core shard
 [2m[90m↓[39m[22m [30m[46m tooling [49m[39m test/scripts/test-projects.test.ts[2m > [22mscripts/test-projects changed-target routing[2m > [22mroutes isolated agent test src/agents/mcp-transport.test.ts to the isolated agents-core shard
 [2m[90m↓[39m[22m [30m[46m tooling [49m[39m test/scripts/test-projects.test.ts[2m > [22mscripts/test-projects changed-target routing[2m > [22mroutes isolated agent test src/agents/model-catalog-visibility.test.ts to the isolated agents-core shard
 [2m[90m↓[39m[22m [30m[46m tooling [49m[39m test/scripts/test-projects.test.ts[2m > [22mscripts/test-projects changed-target routing[2m > [22mroutes isolated agent test src/agents/model-auth-env.provider-aliases.test.ts to the isolated agents-core shard
 [2m[90m↓[39m[22m [30m[46m tooling [49m[39m test/scripts/test-projects.test.ts[2m > [22mscripts/test-projects changed-target routing[2m > [22mroutes isolated agent test src/agents/model-selection.plugin-runtime.test.ts to the isolated agents-core shard
 [2m[90m↓[39m[22m [30m[46m tooling [49m[39m test/scripts/test-projects.test.ts[2m > [22mscripts/test-projects changed-target routing[2m > [22mroutes isolated agent test src/agents/models-config.runtime-source-snapshot.test.ts to the isolated agents-core shard
 [2m[90m↓[39m[22m [30m[46m tooling [49m[39m test/scripts/test-projects.test.ts[2m > [22mscripts/test-projects changed-target routing[2m > [22mroutes isolated agent test src/agents/openai-transport-stream.streaming.test.ts to the isolated agents-core shard
 [2m[90m↓[39m[22m [30m[46m tooling [49m[39m test/scripts/test-projects.test.ts[2m > [22mscripts/test-projects changed-target routing[2m > [22mroutes isolated agent test src/agents/subagents/announce/subagent-announce.test.ts to the isolated agents-core shard
 [2m[90m↓[39m[22m [30m[46m tooling [49m[39m test/scripts/test-projects.test.ts[2m > [22mscripts/test-projects changed-target routing[2m > [22mroutes isolated agent test src/agents/subagents/registry/subagent-registry.announce-loop-guard.test.ts to the isolated agents-core shard
 [2m[90m↓[39m[22m [30m[46m tooling [49m[39m test/scripts/test-projects.test.ts[2m > [22mscripts/test-projects changed-target routing[2m > [22mroutes isolated agent test src/agents/subagents/registry/subagent-registry-restart-recovery-notice.test.ts to the isolated agents-core shard
 [2m[90m↓[39m[22m [30m[46m tooling [49m[39m test/scripts/test-projects.test.ts[2m > [22mscripts/test-projects changed-target routing[2m > [22mroutes isolated agent test src/agents/subagents/registry/subagent-registry-restart-recovery.test.ts to the isolated agents-core shard
 [2m[90m↓[39m[22m [30m[46m tooling [49m[39m test/scripts/test-projects.test.ts[2m > [22mscripts/test-projects changed-target routing[2m > [22mroutes isolated agent test src/agents/subagents/spawn/subagent-spawn.authority.test.ts to the isolated agents-core shard
 [2m[90m↓[39m[22m [30m[46m tooling [49m[39m test/scripts/test-projects.test.ts[2m > [22mscripts/test-projects changed-target routing[2m > [22mroutes production-boundary agent test src/agents/subagents/spawn/subagent-spawn.production-boundary.test.ts to its dedicated shard
 [2m[90m↓[39m[22m [30m[46m tooling [49m[39m test/scripts/test-projects.test.ts[2m > [22mscripts/test-projects changed-target routing[2m > [22mroutes focused agent test src/agents/agent-scope.test.ts to its owning shard
 [2m[90m↓[39m[22m [30m[46m tooling [49m[39m test/scripts/test-projects.test.ts[2m > [22mscripts/test-projects changed-target routing[2m > [22mroutes focused agent test src/agents/agent-command.compaction-rotation.test.ts to its owning shard
 [2m[90m↓[39m[22m [30m[46m tooling [49m[39m test/scripts/test-projects.test.ts[2m > [22mscripts/test-projects changed-target routing[2m > [22mroutes focused agent test src/agents/agent-command.embedded-maintenance.test.ts to its owning shard
 [2m[90m↓[39m[22m [30m[46m tooling [49m[39m test/scripts/test-projects.test.ts[2m > [22mscripts/test-projects changed-target routing[2m > [22mroutes focused agent test src/agents/embedded-agent-runner/run.before-agent-reply-cron.test.ts to its owning shard
 [2m[90m↓[39m[22m [30m[46m tooling [49m[39m test/scripts/test-projects.test.ts[2m > [22mscripts/test-projects changed-target routing[2m > [22mroutes focused agent test src/agents/embedded-agent-runner/run.inherited-auth-owner.test.ts to its owning shard
 [2m[90m↓[39m[22m [30m[46m tooling [49m[39m test/scripts/test-projects.test.ts[2m > [22mscripts/test-projects changed-target routing[2m > [22mroutes focused agent test src/agents/embedded-agent-runner/run.session-permissions.test.ts to its owning shard
 [2m[90m↓[39m[22m [30m[46m tooling [49m[39m test/scripts/test-projects.test.ts[2m > [22mscripts/test-projects changed-target routing[2m > [22mroutes focused agent test src/agents/embedded-agent-runner/run.overflow-compaction.test.ts to its owning shard
 [2m[90m↓[39m[22m [30m[46m tooling [49m[39m test/scripts/test-projects.test.ts[2m > [22mscripts/test-projects changed-target routing[2m > [22mroutes focused agent test src/agents/embedded-agent-runner/run.prepared-harness-source-delivery.integration.test.ts to its owning shard
 [2m[90m↓[39m[22m [30m[46m tooling [49m[39m test/scripts/test-projects.test.ts[2m > [22mscripts/test-projects changed-target routing[2m > [22mroutes focused agent test src/agents/embedded-agent-runner/run/attempt.abort-race.test.ts to its owning shard
 [2m[90m↓[39m[22m [30m[46m tooling [49m[39m test/scripts/test-projects.test.ts[2m > [22mscripts/test-projects changed-target routing[2m > [22mroutes focused agent test src/agents/runtime-plan/tools.test.ts to its owning shard
 [2m[90m↓[39m[22m [30m[46m tooling [49m[39m test/scripts/test-projects.test.ts[2m > [22mscripts/test-projects changed-target routing[2m > [22mroutes focused agent test src/agents/tools/cron-tool.pacing.test.ts to its owning shard
 [2m[90m↓[39m[22m [30m[46m tooling [49m[39m test/scripts/test-projects.test.ts[2m > [22mscripts/test-projects changed-target routing[2m > [22mkeeps split command compaction and model-switch tests in the runtime owner shard
 [2m[90m↓[39m[22m [30m[46m tooling [49m[39m test/scripts/test-projects.test.ts[2m > [22mscripts/test-projects changed-target routing[2m > [22mroutes every split incomplete-turn test to its dedicated serial shard
 [2m[90m↓[39m[22m [30m[46m tooling [49m[39m test/scripts/test-projects.test.ts[2m > [22mscripts/test-projects changed-target routing[2m > [22mroutes focused agent directory src/agents/embedded-agent-runner/run to its owning shard
 [2m[90m↓[39m[22m [30m[46m tooling [49m[39m test/scripts/test-projects.test.ts[2m > [22mscripts/test-projects changed-target routing[2m > [22mroutes focused agent directory src/agents/runtime-plan to its owning shard
 [2m[90m↓[39m[22m [30m[46m tooling [49m[39m test/scripts/test-projects.test.ts[2m > [22mscripts/test-projects changed-target routing[2m > [22mroutes focused agent directory src/agents/tools to its owning shard
 [2m[90m↓[39m[22m [30m[46m tooling [49m[39m test/scripts/test-projects.test.ts[2m > [22mscripts/test-projects changed-target routing[2m > [22mkeeps shuffle options on the single owning embedded-run shard
 [2m[90m↓[39m[22m [30m[46m tooling [49m[39m test/scripts/test-projects.test.ts[2m > [22mscripts/test-projects changed-target routing[2m > [22msplits the embedded-agent parent directory across every isolated harness
 [2m[90m↓[39m[22m [30m[46m tooling [49m[39m test/scripts/test-projects.test.ts[2m > [22mscripts/test-projects changed-target routing[2m > [22mkeeps the broad agent test glob complete across agent and database owners
 [2m[90m↓[39m[22m [30m[46m tooling [49m[39m test/scripts/test-projects.test.ts[2m > [22mscripts/test-projects changed-target routing[2m > [22mroutes focused agent glob src/agents/embedded-agent-runner/run/*.test.ts to its owning shard
 [2m[90m↓[39m[22m [30m[46m tooling [49m[39m test/scripts/test-projects.test.ts[2m > [22mscripts/test-projects changed-target routing[2m > [22mroutes focused agent glob src/agents/runtime-plan/**/*.test.ts to its owning shard
 [2m[90m↓[39m[22m [30m[46m tooling [49m[39m test/scripts/test-projects.test.ts[2m > [22mscripts/test-projects changed-target routing[2m > [22mroutes focused agent glob src/agents/tools/**/*.test.ts to its owning shard
 [2m[90m↓[39m[22m [30m[46m tooling [49m[39m test/scripts/test-projects.test.ts[2m > [22mscripts/test-projects changed-target routing[2m > [22mkeeps mixed embedded-agent and cron-tool targets in their owning shards
 [2m[90m↓[39m[22m [30m[46m tooling [49m[39m test/scripts/test-projects.test.ts[2m > [22mscripts/test-projects changed-target routing[2m > [22mroutes Docker E2E script targets to their owner tooling tests
 [2m[90m↓[39m[22m [30m[46m tooling [49m[39m test/scripts/test-projects.test.ts[2m > [22mscripts/test-projects changed-target routing[2m > [22mroutes changed Parallels process helpers to their owner tooling tests
 [2m[90m↓[39m[22m [30m[46m tooling [49m[39m test/scripts/test-projects.test.ts[2m > [22mscripts/test-projects changed-target routing[2m > [22mroutes mac restart helpers through restart-mac owner tests
 [2m[90m↓[39m[22m [30m[46m tooling [49m[39m test/scripts/test-projects.test.ts[2m > [22mscripts/test-projects changed-target routing[2m > [22mroutes the shared MCP scenario through its Docker and client owners
 [2m[90m↓[39m[22m [30m[46m tooling [49m[39m test/scripts/test-projects.test.ts[2m > [22mscripts/test-projects changed-target routing[2m > [22mroutes MCP and cron Docker E2E script targets instead of skipping changed tests
 [2m[90m↓[39m[22m [30m[46m tooling [49m[39m test/scripts/test-projects.test.ts[2m > [22mscripts/test-projects changed-target routing[2m > [22mroutes OpenAI image auth Docker E2E script targets instead of skipping changed tests
 [2m[90m↓[39m[22m [30m[46m tooling [49m[39m test/scripts/test-projects.test.ts[2m > [22mscripts/test-projects changed-target routing[2m > [22mroutes package-backed Docker shell targets instead of skipping changed tests
 [2m[90m↓[39m[22m [30m[46m tooling [49m[39m test/scripts/test-projects.test.ts[2m > [22mscripts/test-projects changed-target routing[2m > [22mroutes OpenClaw Docker E2E script targets instead of skipping changed tests
 [2m[90m↓[39m[22m [30m[46m tooling [49m[39m test/scripts/test-projects.test.ts[2m > [22mscripts/test-projects changed-target routing[2m > [22mchunks the broad shell helper tooling shard after isolated targets
 [2m[90m↓[39m[22m [30m[46m tooling [49m[39m test/scripts/test-projects.test.ts[2m > [22mscripts/test-projects changed-target routing[2m > [22mchunks broad shell helper globs after isolated targets
 [2m[90m↓[39m[22m [30m[46m tooling [49m[39m test/scripts/test-projects.test.ts[2m > [22mscripts/test-projects changed-target routing[2m > [22mroutes the src scripts test root to the tooling shard
 [2m[90m↓[39m[22m [30m[46m tooling [49m[39m test/scripts/test-projects.test.ts[2m > [22mscripts/test-projects changed-target routing[2m > [22mroutes exact source directory roots to their owning shards
 [2m[90m↓[39m[22m [30m[46m tooling [49m[39m test/scripts/test-projects.test.ts[2m > [22mscripts/test-projects changed-target routing[2m > [22mroutes CLI process test src/cli/help-exit.process.test.ts through its isolated project
 [2m[90m↓[39m[22m [30m[46m tooling [49m[39m test/scripts/test-projects.test.ts[2m > [22mscripts/test-projects changed-target routing[2m > [22mroutes CLI process test src/cli/update-dry-run-state.process.test.ts through its isolated project
 [2m[90m↓[39m[22m [30m[46m tooling [49m[39m test/scripts/test-projects.test.ts[2m > [22mscripts/test-projects changed-target routing[2m > [22mroutes CLI process test src/cli/update-cli/update-command-migrated.test.ts through its isolated project
 [2m[90m↓[39m[22m [30m[46m tooling [49m[39m test/scripts/test-projects.test.ts[2m > [22mscripts/test-projects changed-target routing[2m > [22mroutes CLI process test src/cli/update-cli/update-command-rollback.test.ts through its isolated project
 [2m[90m↓[39m[22m [30m[46m tooling [49m[39m test/scripts/test-projects.test.ts[2m > [22mscripts/test-projects changed-target routing[2m > [22mroutes CLI process test src/cli/update-cli/update-command-post-update-recovery.test.ts through its isolated project
 [2m[90m↓[39m[22m [30m[46m tooling [49m[39m test/scripts/test-projects.test.ts[2m > [22mscripts/test-projects changed-target routing[2m > [22mroutes CLI process test src/cli/update-cli/update-command-post-update-repair.test.ts through its isolated project
 [2m[90m↓[39m[22m [30m[46m tooling [49m[39m test/scripts/test-projects.test.ts[2m > [22mscripts/test-projects changed-target routing[2m > [22mroutes CLI process test src/cli/update-cli/update-command-service.integration.test.ts through its isolated project
 [2m[90m↓[39m[22m [30m[46m tooling [49m[39m test/scripts/test-projects.test.ts[2m > [22mscripts/test-projects changed-target routing[2m > [22mroutes CLI process test src/cli/one-shot-exit.test.ts through its isolated project
 [2m[90m↓[39m[22m [30m[46m tooling [49m[39m test/scripts/test-projects.test.ts[2m > [22mscripts/test-projects changed-target routing[2m > [22mroutes CLI process test src/cli/program/subcli-descriptors.test.ts through its isolated project
 [2m[90m↓[39m[22m [30m[46m tooling [49m[39m test/scripts/test-projects.test.ts[2m > [22mscripts/test-projects changed-target routing[2m > [22mroutes CLI process test src/cli/state-dir-gateway-check.process.test.ts through its isolated project
 [2m[90m↓[39m[22m [30m[46m tooling [49m[39m test/scripts/test-projects.test.ts[2m > [22mscripts/test-projects changed-target routing[2m > [22mroutes CLI process test src/cli/state-dir-gateway-check.server.test.ts through its isolated project
 [2m[90m↓[39m[22m [30m[46m tooling [49m[39m test/scripts/test-projects.test.ts[2m > [22mscripts/test-projects changed-target routing[2m > [22madds the CLI process project for broad CLI targets
 [2m[90m↓[39m[22m [30m[46m tooling [49m[39m test/scripts/test-projects.test.ts[2m > [22mscripts/test-projects changed-target routing[2m > [22mrejects broad CLI watch targets that cross shared and process projects
 [2m[90m↓[39m[22m [30m[46m tooling [49m[39m test/scripts/test-projects.test.ts[2m > [22mscripts/test-projects changed-target routing[2m > [22mkeeps broad shell helper watch targets in one tooling shard
 [2m[90m↓[39m[22m [30m[46m tooling [49m[39m test/scripts/test-projects.test.ts[2m > [22mscripts/test-projects changed-target routing[2m > [22mpreserves post-separator Vitest args without parsing them as targets
 [2m[90m↓[39m[22m [30m[46m tooling [49m[39m test/scripts/test-projects.test.ts[2m > [22mscripts/test-projects changed-target routing[2m > [22mkeeps pnpm-style leading separators out of target routing
 [2m[90m↓[39m[22m [30m[46m tooling [49m[39m test/scripts/test-projects.test.ts[2m > [22mscripts/test-projects changed-target routing[2m > [22mprints wrapper help for --help without starting a broad local suite
 [2m[90m↓[39m[22m [30m[46m tooling [49m[39m test/scripts/test-projects.test.ts[2m > [22mscripts/test-projects changed-target routing[2m > [22mprints wrapper help for -h without starting a broad local suite
 [2m[90m↓[39m[22m [30m[46m tooling [49m[39m test/scripts/test-projects.test.ts[2m > [22mscripts/test-projects changed-target routing[2m > [22mallows explicit split Vitest config targets without treating them as unmatched tests
 [2m[90m↓[39m[22m [30m[46m tooling [49m[39m test/scripts/test-projects.test.ts[2m > [22mscripts/test-projects changed-target routing[2m > [22mroutes explicit test-support helper files to affected tests
 [2m[90m↓[39m[22m [30m[46m tooling [49m[39m test/scripts/test-projects.test.ts[2m > [22mscripts/test-projects changed-target routing[2m > [22mrejects explicit test-support helper files with no importing tests
 [2m[90m↓[39m[22m [30m[46m tooling [49m[39m test/scripts/test-projects.test.ts[2m > [22mscripts/test-projects changed-target routing[2m > [22mroutes contract roots to separate contract shards
 [2m[90m↓[39m[22m [30m[46m tooling [49m[39m test/scripts/test-projects.test.ts[2m > [22mscripts/test-projects changed-target routing[2m > [22mfans contract directory targets out to the owning contract lanes
 [2m[90m↓[39m[22m [30m[46m tooling [49m[39m test/scripts/test-projects.test.ts[2m > [22mscripts/test-projects changed-target routing[2m > [22mroutes the plugin contracts directory to the plugin contracts lane
 [2m[90m↓[39m[22m [30m[46m tooling [49m[39m test/scripts/test-projects.test.ts[2m > [22mscripts/test-projects changed-target routing[2m > [22mroutes explicit plugin-sdk light tests …
 [2m[90m↓[39m[22m [30m[46m tooling [49m[39m test/scripts/test-projects.test.ts[2m > [22mscripts/test-projects changed-target routing[2m > [22mroutes explicit commands light tests to…
 [2m[90m↓[39m[22m [30m[46m tooling [49m[39m test/scripts/test-projects.test.ts[2m > [22mscripts/test-projects changed-target routing[2m > [22mroutes fake-timer unit-fast tests to th…
 [2m[90m↓[39m[22m [30m[46m tooling [49m[39m test/scripts/test-projects.test.ts[2m > [22mscripts/test-projects changed-target routing[2m > [22mroutes browser extension changes to the…
 [2m[90m↓[39m[22m [30m[46m tooling [49m[39m test/scripts/test-projects.test.ts[2m > [22mscripts/test-projects changed-target routing[2m > [22mkeeps public plugin SDK changes focused…
 [2m[90m↓[39m[22m [30m[46m tooling [49m[39m test/scripts/test-projects.test.ts[2m > [22mscripts/test-projects changed-target routing[2m > [22mroutes LM Studio changes to the provide…
 [2m[90m↓[39m[22m [30m[46m tooling [49m[39m test/scripts/test-projects.test.ts[2m > [22mscripts/test-projects changed-target routing[2m > [22mroutes QA extension changes to the QA e…
 [2m[90m↓[39m[22m [30m[46m tooling [49m[39m test/scripts/test-projects.test.ts[2m > [22mscripts/test-projects changed-target routing[2m > [22mroutes changed source files to sibling …
 [2m[90m↓[39m[22m [30m[46m tooling [49m[39m test/scripts/test-projects.test.ts[2m > [22mscripts/test-projects changed-target routing[2m > [22mroutes plugin-sdk source files with sib…
 [2m[90m↓[39m[22m [30m[46m tooling [49m[39m test/scripts/test-projects.test.ts[2m > [22mscripts/test-projects changed-target routing[2m > [22mroutes command source files with siblin…
 [2m[90m↓[39m[22m [30m[46m tooling [49m[39m test/scripts/test-projects.test.ts[2m > [22mscripts/test-projects changed-target routing[2m > [22mkeeps shared test helpers cheap by default when no precise target exists
 [2m[90m↓[39m[22m [30m[46m tooling [49m[39m test/scripts/test-projects.test.ts[2m > [22mscripts/test-projects changed-target routing[2m > [22mroutes imported shared test helpers through affected tests
 [2m[90m↓[39m[22m [30m[46m tooling [49m[39m test/scripts/test-projects.test.ts[2m > [22mscripts/test-projects changed-target routing[2m > [22mkeeps the broad changed run available for shared test helpers
 [2m[90m↓[39m[22m [30m[46m tooling [49m[39m test/scripts/test-projects.test.ts[2m > [22mscripts/test-projects changed-target routing[2m > [22mroutes channel contract helper edits through the tests that import them
 [2m[90m↓[39m[22m [30m[46m tooling [49m[39m test/scripts/test-projects.test.ts[2m > [22mscripts/test-projects changed-target routing[2m > [22mroutes channel SDK helper edits through the tests that import them
 [2m[90m↓[39m[22m [30m[46m tooling [49m[39m test/scripts/test-projects.test.ts[2m > [22mscripts/test-projects changed-target routing[2m > [22mroutes channel contract helper edits through contract shards
 [2m[90m↓[39m[22m [30m[46m tooling [49m[39m test/scripts/test-projects.test.ts[2m > [22mscripts/test-projects changed-target routing[2m > [22mroutes extensions/imessage/message-tool-api.ts through its owner and the plugin-shape parity contract
 [2m[90m↓[39m[22m [30m[46m tooling [49m[39m test/scripts/test-projects.test.ts[2m > [22mscripts/test-projects changed-target routing[2m > [22mroutes extensions/imessage/src/actions.ts through its owner and the plugin-shape parity contract
 [2m[90m↓[39m[22m [30m[46m tooling [49m[39m test/scripts/test-projects.test.ts[2m > [22mscripts/test-projects changed-target routing[2m > [22mroutes extensions/imessage/src/channel.ts through its owner and the plugin-shape parity contract
 [2m[90m↓[39m[22m [30m[46m tooling [49m[39m test/scripts/test-projects.test.ts[2m > [22mscripts/test-projects changed-target routing[2m > [22mroutes extensions/slack/message-tool-api.ts through its owner and the plugin-shape parity contract
 [2m[90m↓[39m[22m [30m[46m tooling [49m[39m test/scripts/test-projects.test.ts[2m > [22mscripts/test-projects changed-target routing[2m > [22mroutes extensions/slack/src/channel-actions.ts through its owner and the plugin-shape parity contract
 [2m[90m↓[39m[22m [30m[46m tooling [49m[39m test/scripts/test-projects.test.ts[2m > [22mscripts/test-projects changed-target routing[2m > [22mroutes extensions/slack/src/channel.ts through its owner and the plugin-shape parity contract
 [2m[90m↓[39m[22m [30m[46m tooling [49m[39m test/scripts/test-projects.test.ts[2m > [22mscripts/test-projects changed-target routing[2m > [22mroutes extensions/mattermost/gateway-auth-api.ts through its owner and the plugin-shape parity contract
 [2m[90m↓[39m[22m [30m[46m tooling [49m[39m test/scripts/test-projects.test.ts[2m > [22mscripts/test-projects changed-target routing[2m > [22mroutes extensions/mattermost/src/channel.ts through its owner and the plugin-shape parity contract
 [2m[90m↓[39m[22m [30m[46m tooling [49m[39m test/scripts/test-projects.test.ts[2m > [22mscripts/test-projects changed-target routing[2m > [22mroutes extensions/feishu/session-key-api.ts through its owner and the plugin-shape parity contract
 [2m[90m↓[39m[22m [30m[46m tooling [49m[39m test/scripts/test-projects.test.ts[2m > [22mscripts/test-projects changed-target routing[2m > [22mroutes extensions/feishu/src/channel.ts through its owner and the plugin-shape parity contract
 [2m[90m↓[39m[22m [30m[46m tooling [49m[39m test/scripts/test-projects.test.ts[2m > [22mscripts/test-projects changed-target routing[2m > [22mroutes extensions/telegram/session-key-api.ts through its owner and the plugin-shape parity contract
 [2m[90m↓[39m[22m [30m[46m tooling [49m[39m test/scripts/test-projects.test.ts[2m > [22mscripts/test-projects changed-target routing[2m > [22mroutes extensions/telegram/src/channel.ts through its owner and the plugin-shape parity contract
 [2m[90m↓[39m[22m [30m[46m tooling [49m[39m test/scripts/test-projects.test.ts[2m > [22mscripts/test-projects changed-target routing[2m > [22mroutes extensions/discord/session-key-api.ts through its owner and the plugin-shape parity contract
 [2m[90m↓[39m[22m [30m[46m tooling [49m[39m test/scripts/test-projects.test.ts[2m > [22mscripts/test-projects changed-target routing[2m > [22mroutes extensions/discord/thread-binding-api.ts through its owner and the plugin-shape parity contract
 [2m[90m↓[39m[22m [30m[46m tooling [49m[39m test/scripts/test-projects.test.ts[2m > [22mscripts/test-projects changed-target routing[2m > [22mroutes extensions/discord/src/channel.ts through its owner and the plugin-shape parity contract
 [2m[90m↓[39m[22m [30m[46m tooling [49m[39m test/scripts/test-projects.test.ts[2m > [22mscripts/test-projects changed-target routing[2m > [22mroutes extensions/matrix/thread-binding-api.ts through its owner and the plugin-shape parity contract
 [2m[90m↓[39m[22m [30m[46m tooling [49m[39m test/scripts/test-projects.test.ts[2m > [22mscripts/test-projects changed-target routing[2m > [22mroutes extensions/matrix/src/channel.ts through its owner and the plugin-shape parity contract
 [2m[90m↓[39m[22m [30m[46m tooling [49m[39m test/scripts/test-projects.test.ts[2m > [22mscripts/test-projects changed-target routing[2m > [22mroutes precise plugin contract helpers without broad-running every shard
 [2m[90m↓[39m[22m [30m[46m tooling [49m[39m test/scripts/test-projects.test.ts[2m > [22mscripts/test-projects changed-target routing[2m > [22mroutes Slack enterprise install changes through both owning tests
 [2m[90m↓[39m[22m [30m[46m tooling [49m[39m test/scripts/test-projects.test.ts[2m > [22mscripts/test-projects changed-target routing[2m > [22mroutes worker launcher changes through every split owner suite
 [2m[90m↓[39m[22m [30m[46m tooling [49m[39m test/scripts/test-projects.test.ts[2m > [22mscripts/test-projects changed-target routing[2m > [22mkeeps unknown root surfaces cheap by default
 [2m[90m↓[39m[22m [30m[46m tooling [49m[39m test/scripts/test-projects.test.ts[2m > [22mscripts/test-projects changed-target routing[2m > [22mfails safe for raw Git paths that explicit-path normalization would rewrite
 [2m[90m↓[39m[22m [30m[46m tooling [49m[39m test/scripts/test-projects.test.ts[2m > [22mscripts/test-projects changed-target routing[2m > [22mkeeps unknown root surface skip reasons available to changed-mode callers
 [2m[90m↓[39m[22m [30m[46m tooling [49m[39m test/scripts/test-projects.test.ts[2m > [22mscripts/test-projects changed-target routing[2m > [22mexplains changed paths that need explicit broad fallback before skipping
 [2m[90m↓[39m[22m [30m[46m tooling [49m[39m test/scripts/test-projects.test.ts[2m > [22mscripts/test-projects changed-target routing[2m > [22mkeeps the broad changed run available for unknown root surfaces
 [2m[90m↓[39m[22m [30m[46m tooling [49m[39m test/scripts/test-projects.test.ts[2m > [22mscripts/test-projects changed-target routing[2m > [22mskips changed docs files that cannot map to test lanes
 [2m[90m↓[39m[22m [30m[46m tooling [49m[39m test/scripts/test-projects.test.ts[2m > [22mscripts/test-projects changed-target routing[2m > [22mskips root agent guidance changes instead of broad-running tests
 [2m[90m↓[39m[22m [30m[46m tooling [49m[39m test/scripts/test-projects.test.ts[2m > [22mscripts/test-projects changed-target routing[2m > [22mskips app-only changes because app tests are separate from Vitest lanes
 [2m[90m↓[39m[22m [30m[46m tooling [49m[39m test/scripts/test-projects.test.ts[2m > [22mscripts/test-projects changed-target routing[2m > [22madds extension tests for public plugin SDK changes in broad changed mode
 [2m[90m↓[39m[22m [30m[46m tooling [49m[39m test/scripts/test-projects.test.ts[2m > [22mscripts/test-projects changed-target routing[2m > [22mroutes explicit active-memory and Codex extension tests to their shards
 [2m[90m↓[39m[22m [30m[46m tooling [49m[39m test/scripts/test-projects.test.ts[2m > [22mscripts/test-projects changed-target routing[2m > [22mroutes the top-level extensions target to every extension shard
 [2m[90m↓[39m[22m [30m[46m tooling [49m[39m test/scripts/test-projects.test.ts[2m > [22mscripts/test-projects changed-target routing[2m > [22mkeeps the top-level extensions watch target on its aggregate owner
 [2m[90m↓[39m[22m [30m[46m tooling [49m[39m test/scripts/test-projects.test.ts[2m > [22mscripts/test-projects changed-target routing[2m > [22mbounds an explicit Telegram config target across process lifetimes
 [2m[90m↓[39m[22m [30m[46m tooling [49m[39m test/scripts/test-projects.test.ts[2m > [22mscripts/test-projects changed-target routing[2m > [22mturns a five-file Telegram include file into five one-file run specs
 [2m[90m↓[39m[22m [30m[46m tooling [49m[39m test/scripts/test-projects.test.ts[2m > [22mscripts/test-projects changed-target routing[2m > [22mpreserves an externally scoped Telegram config target
 [2m[90m↓[39m[22m [30m[46m tooling [49m[39m test/scripts/test-projects.test.ts[2m > [22mscripts/test-projects changed-target routing[2m > [22mpreserves an externally scoped Matrix config target
 [2m[90m↓[39m[22m [30m[46m tooling [49m[39m test/scripts/test-projects.test.ts[2m > [22mscripts/test-projects changed-target routing[2m > [22mpreserves an externally scoped Telegram directory run spec
 [2m[90m↓[39m[22m [30m[46m tooling [49m[39m test/scripts/test-projects.test.ts[2m > [22mscripts/test-projects changed-target routing[2m > [22mpreserves an externally scoped Matrix directory run spec
 [2m[90m↓[39m[22m [30m[46m tooling [49m[39m test/scripts/test-projects.test.ts[2m > [22mscripts/test-projects changed-target routing[2m > [22mbounds an explicit Matrix directory target across process lifetimes
 [2m[90m↓[39m[22m [30m[46m tooling [49m[39m test/scripts/test-projects.test.ts[2m > [22mscripts/test-projects changed-target routing[2m > [22mbounds an explicit Codex directory target across process lifetimes
 [2m[90m↓[39m[22m [30m[46m tooling [49m[39m test/scripts/test-projects.test.ts[2m > [22mscripts/test-projects changed-target routing[2m > [22mkeeps an explicit Codex file target in one process
 [2m[90m↓[39m[22m [30m[46m tooling [49m[39m test/scripts/test-projects.test.ts[2m > [22mscripts/test-projects changed-target routing[2m > [22mkeeps grouped Matrix targets covered when bounding the directory
 [2m[90m↓[39m[22m [30m[46m tooling [49m[39m test/scripts/test-projects.test.ts[2m > [22mscripts/test-projects changed-target routing[2m > [22mkeeps a grouped Matrix config target in the unsplit plan
 [2m[90m↓[39m[22m [30m[46m tooling [49m[39m test/scripts/test-projects.test.ts[2m > [22mscripts/test-projects changed-target routing[2m > [22mkeeps explicit Matrix files and watch runs unchunked
 [2m[90m↓[39m[22m [30m[46m tooling [49m[39m test/scripts/test-projects.test.ts[2m > [22mscripts/test-projects changed-target routing[2m > [22mnarrows default-lane changed source files to affected tests
 [2m[90m↓[39m[22m [30m[46m tooling [49m[39m test/scripts/test-projects.test.ts[2m > [22mscripts/test-projects changed-target routing[2m > [22mcan combine sibling and import-graph targets for CI
 [2m[90m↓[39m[22m [30m[46m tooling [49m[39m test/scripts/test-projects.test.ts[2m > [22mscripts/test-projects changed-target routing[2m > [22mKova schema selection[2m > [22mwatch compatibility[2m > [22mchanged[2m > [22mkeeps wrapper watch coverage in its existing suite
 [2m[90m↓[39m[22m [30m[46m tooling [49m[39m test/scripts/test-projects.test.ts[2m > [22mscripts/test-projects changed-target routing[2m > [22mKova schema selection[2m > [22mwatch compatibility[2m > [22mchanged[2m > [22mkeeps base watch coverage in its existing suite
 [2m[90m↓[39m[22m [30m[46m tooling [49m[39m test/scripts/test-projects.test.ts[2m > [22mscripts/test-projects changed-target routing[2m > [22mKova schema selection[2m > [22mwatch compatibility[2m > [22mchanged[2m > [22mkeeps both schemas watch coverage in its existing suite
 [2m[90m↓[39m[22m [30m[46m tooling [49m[39m test/scripts/test-projects.test.ts[2m > [22mscripts/test-projects changed-target routing[2m > [22mKova schema selection[2m > [22mwatch compatibility[2m > [22mchanged[2m > [22mretains Kova for non-watch flags [ '--watch=false' ]
 [2m[90m↓[39m[22m [30m[46m tooling [49m[39m test/scripts/test-projects.test.ts[2m > [22mscripts/test-projects changed-target routing[2m > [22mKova schema selection[2m > [22mwatch compatibility[2m > [22mchanged[2m > [22mretains Kova for non-watch flags [ '--watch', 'false' ]
 [2m[90m↓[39m[22m [30m[46m tooling [49m[39m test/scripts/test-projects.test.ts[2m > [22mscripts/test-projects changed-target routing[2m > [22mKova schema selection[2m > [22mwatch compatibility[2m > [22mchanged[2m > [22mretains Kova for non-watch flags [ '--watch', '--no-watch' ]
 [2m[90m↓[39m[22m [30m[46m tooling [49m[39m test/scripts/test-projects.test.ts[2m > [22mscripts/test-projects changed-target routing[2m > [22mKova schema selection[2m > [22mwatch compatibility[2m > [22mexplicit[2m > [22mkeeps wrapper watch coverage in its existing suite
 [2m[90m↓[39m[22m [30m[46m tooling [49m[39m test/scripts/test-projects.test.ts[2m > [22mscripts/test-projects changed-target routing[2m > [22mKova schema selection[2m > [22mwatch compatibility[2m > [22mexplicit[2m > [22mkeeps base watch coverage in its existing suite
 [2m[90m↓[39m[22m [30m[46m tooling [49m[39m test/scripts/test-projects.test.ts[2m > [22mscripts/test-projects changed-target routing[2m > [22mKova schema selection[2m > [22mwatch compatibility[2m > [22mexplicit[2m > [22mkeeps both schemas watch coverage in its existing suite
 [2m[90m↓[39m[22m [30m[46m tooling [49m[39m test/scripts/test-projects.test.ts[2m > [22mscripts/test-projects changed-target routing[2m > [22mKova schema selection[2m > [22mwatch compatibility[2m > [22mexplicit[2m > [22mretains Kova for non-watch flags [ '--watch=false' ]
 [2m[90m↓[39m[22m [30m[46m tooling [49m[39m test/scripts/test-projects.test.ts[2m > [22mscripts/test-projects changed-target routing[2m > [22mKova schema selection[2m > [22mwatch compatibility[2m > [22mexplicit[2m > [22mretains Kova for non-watch flags [ '--watch', 'false' ]
 [2m[90m↓[39m[22m [30m[46m tooling [49m[39m test/scripts/test-projects.test.ts[2m > [22mscripts/test-projects changed-target routing[2m > [22mKova schema selection[2m > [22mwatch compatibility[2m > [22mexplicit[2m > [22mretains Kova for non-watch flags [ '--watch', '--no-watch' ]
 [2m[90m↓[39m[22m [30m[46m tooling [49m[39m test/scripts/test-projects.test.ts[2m > [22mscripts/test-projects changed-target routing[2m > [22mKova schema selection[2m > [22mwatch compatibility[2m > [22mstill rejects explicitly mixed watch suites for src/config/zod-schema.agent-defaults.ts
 [2m[90m↓[39m[22m [30m[46m tooling [49m[39m test/scripts/test-projects.test.ts[2m > [22mscripts/test-projects changed-target routing[2m > [22mKova schema selection[2m > [22mwatch compatibility[2m > [22mstill rejects explicitly mixed watch suites for src/config/zod-schema.agent-defaults-base.ts
 [2m[90m↓[39m[22m [30m[46m tooling [49m[39m test/scripts/test-projects.test.ts[2m > [22mscripts/test-projects changed-target routing[2m > [22mKova schema selection[2m > [22mwatch compatibility[2m > [22mdoes not admit unmatched watch source src/config/zod-schema.agent-defaults.ts through Kova
 [2m[90m↓[39m[22m [30m[46m tooling [49m[39m test/scripts/test-projects.test.ts[2m > [22mscripts/test-projects changed-target routing[2m > [22mKova schema selection[2m > [22mwatch compatibility[2m > [22mdoes not admit unmatched watch source src/config/zod-schema.agent-defaults-base.ts through Kova
 [2m[90m↓[39m[22m [30m[46m tooling [49m[39m test/scripts/test-projects.test.ts[2m > [22mscripts/test-projects changed-target routing[2m > [22mKova schema selection[2m > [22mkeeps skipped import-graph paths visible with mixed broad changes
 [2m[90m↓[39m[22m [30m[46m tooling [49m[39m test/scripts/test-projects.test.ts[2m > [22mscripts/test-projects changed-target routing[2m > [22mKova schema selection[2m > [22mchanged[2m > [22mwrapper only retains normal coverage and adds only the required owner
 [2m[90m↓[39m[22m [30m[46m tooling [49m[39m test/scripts/test-projects.test.ts[2m > [22mscripts/test-projects changed-target routing[2m > [22mKova schema selection[2m > [22mchanged[2m > [22mbase only retains normal coverage and adds only the required owner
 [2m[90m↓[39m[22m [30m[46m tooling [49m[39m test/scripts/test-projects.test.ts[2m > [22mscripts/test-projects changed-target routing[2m > [22mKova schema selection[2m > [22mchanged[2m > [22mboth schemas retains normal coverage and adds only the required owner
 [2m[90m↓[39m[22m [30m[46m tooling [49m[39m test/scripts/test-projects.test.ts[2m > [22mscripts/test-projects changed-target routing[2m > [22mKova schema selection[2m > [22mchanged[2m > [22mmixed workflow retains normal coverage and adds only the required owner
 [2m[90m↓[39m[22m [30m[46m tooling [49m[39m test/scripts/test-projects.test.ts[2m > [22mscripts/test-projects changed-target routing[2m > [22mKova schema selection[2m > [22mchanged[2m > [22malready selected owner retains normal coverage and adds only the required owner
 [2m[90m↓[39m[22m [30m[46m tooling [49m[39m test/scripts/test-projects.test.ts[2m > [22mscripts/test-projects changed-target routing[2m > [22mKova schema selection[2m > [22mchanged[2m > [22munrelated source retains normal coverage and adds only the required owner
 [2m[90m↓[39m[22m [30m[46m tooling [49m[39m test/scripts/test-projects.test.ts[2m > [22mscripts/test-projects changed-target routing[2m > [22mKova schema selection[2m > [22mexplicit[2m > [22mwrapper only retains normal coverage and adds only the required owner
 [2m[90m↓[39m[22m [30m[46m tooling [49m[39m test/scripts/test-projects.test.ts[2m > [22mscripts/test-projects changed-target routing[2m > [22mKova schema selection[2m > [22mexplicit[2m > [22mbase only retains normal coverage and adds only the required owner
 [2m[90m↓[39m[22m [30m[46m tooling [49m[39m test/scripts/test-projects.test.ts[2m > [22mscripts/test-projects changed-target routing[2m > [22mKova schema selection[2m > [22mexplicit[2m > [22mboth schemas retains normal coverage and adds only the required owner
 [2m[90m↓[39m[22m [30m[46m tooling [49m[39m test/scripts/test-projects.test.ts[2m > [22mscripts/test-projects changed-target routing[2m > [22mKova schema selection[2m > [22mexplicit[2m > [22mmixed workflow retains normal coverage and adds only the required owner
 [2m[90m↓[39m[22m [30m[46m tooling [49m[39m test/scripts/test-projects.test.ts[2m > [22mscripts/test-projects changed-target routing[2m > [22mKova schema selection[2m > [22mexplicit[2m > [22malready selected owner retains normal coverage and adds only the required owner
 [2m[90m↓[39m[22m [30m[46m tooling [49m[39m test/scripts/test-projects.test.ts[2m > [22mscripts/test-projects changed-target routing[2m > [22mKova schema selection[2m > [22mexplicit[2m > [22munrelated source retains normal coverage and adds only the required owner
 [2m[90m↓[39m[22m [30m[46m tooling [49m[39m test/scripts/test-projects.test.ts[2m > [22mscripts/test-projects changed-target routing[2m > [22mKova schema selection[2m > [22mci[2m > [22mwrapper only retains normal coverage and adds only the required owner
 [2m[90m↓[39m[22m [30m[46m tooling [49m[39m test/scripts/test-projects.test.ts[2m > [22mscripts/test-projects changed-target routing[2m > [22mKova schema selection[2m > [22mci[2m > [22mbase only retains normal coverage and adds only the required owner
 [2m[90m↓[39m[22m [30m[46m tooling [49m[39m test/scripts/test-projects.test.ts[2m > [22mscripts/test-projects changed-target routing[2m > [22mKova schema selection[2m > [22mci[2m > [22mboth schemas retains normal coverage and adds only the required owner
 [2m[90m↓[39m[22m [30m[46m tooling [49m[39m test/scripts/test-projects.test.ts[2m > [22mscripts/test-projects changed-target routing[2m > [22mKova schema selection[2m > [22mci[2m > [22mmixed workflow retains normal coverage and adds only the required owner
 [2m[90m↓[39m[22m [30m[46m tooling [49m[39m test/scripts/test-projects.test.ts[2m > [22mscripts/test-projects changed-target routing[2m > [22mKova schema selection[2m > [22mci[2m > [22malready selected owner retains normal coverage and adds only the required owner
 [2m[90m↓[39m[22m [30m[46m tooling [49m[39m test/scripts/test-projects.test.ts[2m > [22mscripts/test-projects changed-target routing[2m > [22mKova schema selection[2m > [22mci[2m > [22munrelated source retains normal coverage and adds only the required owner
 [2m[90m↓[39m[22m [30m[46m tooling [49m[39m test/scripts/test-projects.test.ts[2m > [22mscripts/test-projects changed-target routing[2m > [22mroutes changed ui support files to the ui lane without dead include globs
 [2m[90m↓[39m[22m [30m[46m tooling [49m[39m test/scripts/test-projects.test.ts[2m > [22mscripts/test-projects changed-target routing[2m > [22mroutes explicit ui support files to the ui lane without dead include globs
 [2m[90m↓[39m[22m [30m[46m tooling [49m[39m test/scripts/test-projects.test.ts[2m > [22mscripts/test-projects changed-target routing[2m > [22mkeeps an existing nested ui directory and explicit e2es scoped (relative)
 [2m[90m↓[39m[22m [30m[46m tooling [49m[39m test/scripts/test-projects.test.ts[2m > [22mscripts/test-projects changed-target routing[2m > [22mkeeps an existing nested ui directory and explicit e2es scoped (trailing slash)
 [2m[90m↓[39m[22m [30m[46m tooling [49m[39m test/scripts/test-projects.test.ts[2m > [22mscripts/test-projects changed-target routing[2m > [22mkeeps an existing nested ui directory and explicit e2es scoped (absolute)
 [2m[90m↓[39m[22m [30m[46m tooling [49m[39m test/scripts/test-projects.test.ts[2m > [22mscripts/test-projects changed-target routing[2m > [22mkeeps an existing nested ui directory and explicit e2es scoped (dot segments)
 [2m[90m↓[39m[22m [30m[46m tooling [49m[39m test/scripts/test-projects.test.ts[2m > [22mscripts/test-projects changed-target routing[2m > [22mkeeps mixed Control UI root and source changes in the UI lane
 [2m[90m↓[39m[22m [30m[46m tooling [49m[39m test/scripts/test-projects.test.ts[2m > [22mscripts/test-projects changed-target routing[2m > [22mroutes changed ui build helper ui/config/control-ui-chunking.ts to its owner test
 [2m[90m↓[39m[22m [30m[46m tooling [49m[39m test/scripts/test-projects.test.ts[2m > [22mscripts/test-projects changed-target routing[2m > [22mroutes changed ui build helper ui/config/control-ui-locales.ts to its owner test
 [2m[90m↓[39m[22m [30m[46m tooling [49m[39m test/scripts/test-projects.test.ts[2m > [22mscripts/test-projects changed-target routing[2m > [22mroutes isolated ui test targets to the isolated project
 [2m[90m↓[39m[22m [30m[46m tooling [49m[39m test/scripts/test-projects.test.ts[2m > [22mscripts/test-projects changed-target routing[2m > [22madds the isolated and Chromium projects for broad ui targets
 [2m[90m↓[39m[22m [30m[46m tooling [49m[39m test/scripts/test-projects.test.ts[2m > [22mscripts/test-projects changed-target routing[2m > [22mroutes the browser test ui/src/components/markdown-mermaid.runtime.browser.test.ts to its execution owner
 [2m[90m↓[39m[22m [30m[46m tooling [49m[39m test/scripts/test-projects.test.ts[2m > [22mscripts/test-projects changed-target routing[2m > [22mroutes the browser test ui/src/components/form-controls.browser.test.ts to its execution owner
 [2m[90m↓[39m[22m [30m[46m tooling [49m[39m test/scripts/test-projects.test.ts[2m > [22mscripts/test-projects changed-target routing[2m > [22mretains both browser owners for mixed selectors "ui/src/**/*.browser.test.ts"
 [2m[90m↓[39m[22m [30m[46m tooling [49m[39m test/scripts/test-projects.test.ts[2m > [22mscripts/test-projects changed-target routing[2m > [22mretains both browser owners for mixed selectors "ui/src/components/*.browser.test.ts"
 [2m[90m↓[39m[22m [30m[46m tooling [49m[39m test/scripts/test-projects.test.ts[2m > [22mscripts/test-projects changed-target routing[2m > [22mrejects broad ui watch targets that cross shared and isolated projects
 [2m[90m↓[39m[22m [30m[46m tooling [49m[39m test/scripts/test-projects.test.ts[2m > [22mscripts/test-projects changed-target routing[2m > [22mrejects UI glob watch before freezing the current matching files
 [2m[90m↓[39m[22m [30m[46m tooling [49m[39m test/scripts/test-projects.test.ts[2m > [22mscripts/test-projects changed-target routing[2m > [22mkeeps explicit non-renderer ui test targets scoped
 [2m[90m↓[39m[22m [30m[46m tooling [49m[39m test/scripts/test-projects.test.ts[2m > [22mscripts/test-projects changed-target routing[2m > [22mroutes control ui e2e tests to the ui e2e lane
 [2m[90m↓[39m[22m [30m[46m tooling [49m[39m test/scripts/test-projects.test.ts[2m > [22mscripts/test-projects changed-target routing[2m > [22mroutes auto-reply route source files to route regression tests
 [2m[90m↓[39m[22m [30m[46m tooling [49m[39m test/scripts/test-projects.test.ts[2m > [22mscripts/test-projects changed-target routing[2m > [22mroutes effective reply changes through every dispatch entrypoint
 [2m[90m↓[39m[22m [30m[46m tooling [49m[39m test/scripts/test-projects.test.ts[2m > [22mscripts/test-projects changed-target routing[2m > [22mroutes ACP command source files to ACP command regression tests
 [2m[90m↓[39m[22m [30m[46m tooling [49m[39m test/scripts/test-projects.test.ts[2m > [22mscripts/test-projects changed-target routing[2m > [22mroutes Google Meet CLI edits to the lightweight CLI tests
 [2m[90m↓[39m[22m [30m[46m tooling [49m[39m test/scripts/test-projects.test.ts[2m > [22mscripts/test-projects changed-target routing[2m > [22mroutes Google Meet OAuth edits to the lightweight OAuth tests
 [2m[90m↓[39m[22m [30m[46m tooling [49m[39m test/scripts/test-projects.test.ts[2m > [22mscripts/test-projects changed-target routing[2m > [22mroutes Google Meet entry edits to the plugin entry tests
 [2m[90m↓[39m[22m [30m[46m tooling [49m[39m test/scripts/test-projects.test.ts[2m > [22mscripts/test-projects changed-target routing[2m > [22mroutes memory doctor and embedding default edits to focused tests
 [2m[90m↓[39m[22m [30m[46m tooling [49m[39m test/scripts/test-projects.test.ts[2m > [22mscripts/test-projects changed-target routing[2m > [22mroutes provider auth choice edits to focused auth-choice tests
 [2m[90m↓[39m[22m [30m[46m tooling [49m[39m test/scripts/test-projects.test.ts[2m > [22mscripts/test-projects changed-target routing[2m > [22mroutes provider env var edits to focused secret tests
 [2m[90m↓[39m[22m [30m[46m tooling [49m[39m test/scripts/test-projects.test.ts[2m > [22mscripts/test-projects changed-target routing[2m > [22mroutes changed utils and shared files to their light scoped lanes
 [2m[90m↓[39m[22m [30m[46m tooling [49m[39m test/scripts/test-projects.test.ts[2m > [22mscripts/test-projects changed-target routing[2m > [22muses collision-resistant include-file names for scoped Vitest specs
 [2m[90m↓[39m[22m [30m[46m tooling [49m[39m test/scripts/test-projects.test.ts[2m > [22mscripts/test-projects changed-target routing[2m > [22mexpands routed glob targets to literal include-file paths
 [2m[90m↓[39m[22m [30m[46m tooling [49m[39m test/scripts/test-projects.test.ts[2m > [22mscripts/test-projects changed-target routing[2m > [22mretains routed glob targets in watch-mode include files
 [2m[90m↓[39m[22m [30m[46m tooling [49m[39m test/scripts/test-projects.test.ts[2m > [22mscripts/test-projects changed-target routing[2m > [22mpreflights targeted UI E2E specs with Playwright browser assets
 [2m[90m↓[39m[22m [30m[46m tooling [49m[39m test/scripts/test-projects.test.ts[2m > [22mscripts/test-projects changed-target routing[2m > [22mroutes the full commands test root to both command shards
 [2m[90m↓[39m[22m [30m[46m tooling [49m[39m test/scripts/test-projects.test.ts[2m > [22mscripts/test-projects changed-target routing[2m > [22mroutes unit-fast light tests to the cache-friendly unit-fast lane
 [2m[90m↓[39m[22m [30m[46m tooling [49m[39m test/scripts/test-projects.test.ts[2m > [22mscripts/test-projects changed-target routing[2m > [22mroutes forced stateful unit-fast tests to the isolated lane
 [2m[90m↓[39m[22m [30m[46m tooling [49m[39m test/scripts/test-projects.test.ts[2m > [22mscripts/test-projects changed-target routing[2m > [22mroutes changed commands source allowlist files to sibling light tests
 [2m[90m↓[39m[22m [30m[46m tooling [49m[39m test/scripts/test-projects.test.ts[2m > [22mscripts/test-projects changed-target routing[2m > [22mroutes plugin-sdk source files with sibling tests plus extensions in broad changed mode
 [2m[90m↓[39m[22m [30m[46m tooling [49m[39m test/scripts/test-projects.test.ts[2m > [22mscripts/test-projects changed-target routing[2m > [22mkeeps changed mode to precise targets by default
 [2m[90m↓[39m[22m [30m[46m tooling [49m[39m test/scripts/test-projects.test.ts[2m > [22mscripts/test-projects changed-target routing[2m > [22mskips import-graph scans once a diff already needs broad fallback
 [2m[90m↓[39m[22m [30m[46m tooling [49m[39m test/scripts/test-projects.test.ts[2m > [22mscripts/test-projects changed-target routing[2m > [22mkeeps broad changed fallback available through explicit env
 [2m[90m↓[39m[22m [30m[46m tooling [49m[39m test/scripts/test-projects.test.ts[2m > [22mscripts/test-projects changed-target routing[2m > [22muses import-graph targets in default changed mode
 [2m[90m↓[39m[22m [30m[46m tooling [49m[39m test/scripts/test-projects.test.ts[2m > [22mscripts/test-projects changed-target routing[2m > [22mroutes prompt snapshot generator helper edits to the owner test
 [2m[90m↓[39m[22m [30m[46m tooling [49m[39m test/scripts/test-projects.test.ts[2m > [22mscripts/test-projects changed-target routing[2m > [22mroutes runtime sidecar baseline edits to baseline owner tests
 [2m[90m↓[39m[22m [30m[46m tooling [49m[39m test/scripts/test-projects.test.ts[2m > [22mscripts/test-projects changed-target routing[2m > [22mroutes appcast edits to appcast owner tests
 [2m[90m↓[39m[22m [30m[46m tooling [49m[39m test/scripts/test-projects.test.ts[2m > [22mscripts/test-projects changed-target routing[2m > [22mroutes package fixture assets to their owner test
 [2m[90m↓[39m[22m [30m[46m tooling [49m[39m test/scripts/test-projects.test.ts[2m > [22mscripts/test-projects changed-target routing[2m > [22mroutes split agents vitest config test/vitest/vitest.agents-core.config.ts to itself
 [2m[90m↓[39m[22m [30m[46m tooling [49m[39m test/scripts/test-projects.test.ts[2m > [22mscripts/test-projects changed-target routing[2m > [22mroutes split agents vitest config test/vitest/vitest.agents-embedded-agent.config.ts to itself
 [2m[90m↓[39m[22m [30m[46m tooling [49m[39m test/scripts/test-projects.test.ts[2m > [22mscripts/test-projects changed-target routing[2m > [22mroutes split agents vitest config test/vitest/vitest.agents-embedded-agent-incomplete-turn.config.ts to itself
 [2m[90m↓[39m[22m [30m[46m tooling [49m[39m test/scripts/test-projects.test.ts[2m > [22mscripts/test-projects changed-target routing[2m > [22mroutes split agents vitest config test/vitest/vitest.agents-embedded-agent-overflow-compaction.config.ts to itself
 [2m[90m↓[39m[22m [30m[46m tooling [49m[39m test/scripts/test-projects.test.ts[2m > [22mscripts/test-projects changed-target routing[2m > [22mroutes split agents vitest config test/vitest/vitest.agents-embedded-agent-run.config.ts to itself
 [2m[90m↓[39m[22m [30m[46m tooling [49m[39m test/scripts/test-projects.test.ts[2m > [22mscripts/test-projects changed-target routing[2m > [22mroutes split agents vitest config test/vitest/vitest.agents-support.config.ts to itself
 [2m[90m↓[39m[22m [30m[46m tooling [49m[39m test/scripts/test-projects.test.ts[2m > [22mscripts/test-projects changed-target routing[2m > [22mroutes split agents vitest config test/vitest/vitest.agents-tools.config.ts to itself
 [2m[90m↓[39m[22m [30m[46m tooling [49m[39m test/scripts/test-projects.test.ts[2m > [22mscripts/test-projects changed-target routing[2m > [22mroutes gateway integration fixture src/gateway/gateway.test.ts to the e2e lane
 [2m[90m↓[39m[22m [30m[46m tooling [49m[39m test/scripts/test-projects.test.ts[2m > [22mscripts/test-projects changed-target routing[2m > [22mroutes gateway integration fixture src/gateway/server.startup-matrix-migration.integration.test.ts to the e2e lane
 [2m[90m↓[39m[22m [30m[46m tooling [49m[39m test/scripts/test-projects.test.ts[2m > [22mscripts/test-projects changed-target routing[2m > [22mroutes gateway integration fixture src/gateway/sessions-history-http.test.ts to the gateway lane
 [2m[90m↓[39m[22m [30m[46m tooling [49m[39m test/scripts/test-projects.test.ts[2m > [22mscripts/test-projects changed-target routing[2m > [22mroutes TUI PTY integration target src/tui/tui-auth-child-pty.e2e.test.ts to the PTY lane
 [2m[90m↓[39m[22m [30m[46m tooling [49m[39m test/scripts/test-projects.test.ts[2m > [22mscripts/test-projects changed-target routing[2m > [22mroutes TUI PTY integration target src/tui/tui-pty-harness.e2e.test.ts to the PTY lane
 [2m[90m↓[39m[22m [30m[46m tooling [49m[39m test/scripts/test-projects.test.ts[2m > [22mscripts/test-projects changed-target routing[2m > [22mroutes TUI PTY integration target src/tui/tui-session-identity-pty.e2e.test.ts to the PTY lane
 [2m[90m↓[39m[22m [30m[46m tooling [49m[39m test/scripts/test-projects.test.ts[2m > [22mscripts/test-projects changed-target routing[2m > [22mroutes TUI PTY integration target src/tui/tui-reset-transition-pty.e2e.test.ts to the PTY lane
 [2m[90m↓[39m[22m [30m[46m tooling [49m[39m test/scripts/test-projects.test.ts[2m > [22mscripts/test-projects changed-target routing[2m > [22mroutes TUI PTY integration target src/tui/tui-pty-local.e2e.test.ts to the PTY lane
 [2m[90m↓[39m[22m [30m[46m tooling [49m[39m test/scripts/test-projects.test.ts[2m > [22mtest selector native source facts[2m > [22mreads complete files without installed packages, inherited hooks, or reparsing cached imports
 [2m[90m↓[39m[22m [30m[46m tooling [49m[39m test/scripts/test-projects.test.ts[2m > [22mtest selector native source facts[2m > [22mfails loudly on child launch, output overflow, and invalid native requests
 [2m[90m↓[39m[22m [30m[46m tooling [49m[39m test/scripts/test-projects.test.ts[2m > [22mscripts/test-projects full-suite sharding[2m > [22mretains whole-config costs for null selection
 [2m[90m↓[39m[22m [30m[46m tooling [49m[39m test/scripts/test-projects.test.ts[2m > [22mscripts/test-projects full-suite sharding[2m > [22mretains whole-config costs for empty selection
 [2m[90m↓[39m[22m [30m[46m tooling [49m[39m test/scripts/test-projects.test.ts[2m > [22mscripts/test-projects full-suite sharding[2m > [22mprioritizes expensive selected files over whole-config defaults
 [2m[90m↓[39m[22m [30m[46m tooling [49m[39m test/scripts/test-projects.test.ts[2m > [22mscripts/test-projects full-suite sharding[2m > [22mprices expanded chunk files without enabling include-file filtering
 [2m[90m↓[39m[22m [30m[46m tooling [49m[39m test/scripts/test-projects.test.ts[2m > [22mscripts/test-projects full-suite sharding[2m > [22muses observed selection timings without substituting a whole-config sample
 [2m[90m↓[39m[22m [30m[46m tooling [49m[39m test/scripts/test-projects.test.ts[2m > [22mscripts/test-projects full-suite sharding[2m > [22minterleaves heavy and light configs for cold parallel full-suite runs
 [2m[90m↓[39m[22m [30m[46m tooling [49m[39m test/scripts/test-projects.test.ts[2m > [22mscripts/test-projects full-suite sharding[2m > [22muses the global host worker budget for roomy local hosts
 [2m[90m↓[39m[22m [30m[46m tooling [49m[39m test/scripts/test-projects.test.ts[2m > [22mscripts/test-projects full-suite sharding[2m > [22mkeeps CI=1 full-suite runs serial even on roomy hosts
 [2m[90m↓[39m[22m [30m[46m tooling [49m[39m test/scripts/test-projects.test.ts[2m > [22mscripts/test-projects full-suite sharding[2m > [22mkeeps CI=true full-suite runs serial even on roomy hosts
 [2m[90m↓[39m[22m [30m[46m tooling [49m[39m test/scripts/test-projects.test.ts[2m > [22mscripts/test-projects full-suite sharding[2m > [22mkeeps CI=yes full-suite runs serial even on roomy hosts
 [2m[90m↓[39m[22m [30m[46m tooling [49m[39m test/scripts/test-projects.test.ts[2m > [22mscripts/test-projects full-suite sharding[2m > [22mkeeps CI=on full-suite runs serial even on roomy hosts
 [2m[90m↓[39m[22m [30m[46m tooling [49m[39m test/scripts/test-projects.test.ts[2m > [22mscripts/test-projects full-suite sharding[2m > [22mkeeps CI=1 full-suite runs on aggregate shard configs
 [2m[90m↓[39m[22m [30m[46m tooling [49m[39m test/scripts/test-projects.test.ts[2m > [22mscripts/test-projects full-suite sharding[2m > [22mgives only the aggregate extension shard an 8 GiB heap floor
 [2m[90m↓[39m[22m [30m[46m tooling [49m[39m test/scripts/test-projects.test.ts[2m > [22mscripts/test-projects full-suite sharding[2m > [22mpreserves a larger aggregate extension heap override
 [2m[90m↓[39m[22m [30m[46m tooling [49m[39m test/scripts/test-projects.test.ts[2m > [22mscripts/test-projects full-suite sharding[2m > [22mpreserves inherited Node options when the spec has no override
 [2m[90m↓[39m[22m [30m[46m tooling [49m[39m test/scripts/test-projects.test.ts[2m > [22mscripts/test-projects full-suite sharding[2m > [22mraises the effective last aggregate extension heap override
 [2m[90m↓[39m[22m [30m[46m tooling [49m[39m test/scripts/test-projects.test.ts[2m > [22mscripts/test-projects full-suite sharding[2m > [22msplits the Testbox agentic and extension shards into bounded processes
 [2m[90m↓[39m[22m [30m[46m tooling [49m[39m test/scripts/test-projects.test.ts[2m > [22mscripts/test-projects full-suite sharding[2m > [22mkeeps explicit parallel overrides ahead of the host-aware profile
 [2m[90m↓[39m[22m [30m[46m tooling [49m[39m test/scripts/test-projects.test.ts[2m > [22mscripts/test-projects full-suite sharding[2m > [22mrejects malformed parallel full-suite overrides
 [2m[90m↓[39m[22m [30m[46m tooling [49m[39m test/scripts/test-projects.test.ts[2m > [22mscripts/test-projects full-suite sharding[2m > [22mrejects malformed conservative worker budget values
 [2m[90m↓[39m[22m [30m[46m tooling [49m[39m test/scripts/test-projects.test.ts[2m > [22mscripts/test-projects full-suite sharding[2m > [22mkeeps serial untargeted local runs on leaf project configs
 [2m[90m↓[39m[22m [30m[46m tooling [49m[39m test/scripts/test-projects.test.ts[2m > [22mscripts/test-projects full-suite sharding[2m > [22mexpands untargeted local runs to leaf project configs by default
 [2m[90m↓[39m[22m [30m[46m tooling [49m[39m test/scripts/test-projects.test.ts[2m > [22mscripts/test-projects full-suite sharding[2m > [22mexpands conservative local worker runs to leaf project configs
 [2m[90m↓[39m[22m [30m[46m tooling [49m[39m test/scripts/test-projects.test.ts[2m > [22mscripts/test-projects full-suite sharding[2m > [22mcan skip the aggregate extension shard when CI runs dedicated extension shards
 [2m[90m↓[39m[22m [30m[46m tooling [49m[39m test/scripts/test-projects.test.ts[2m > [22mscripts/test-projects full-suite sharding[2m > [22mruns explicit leaf project config targets as whole configs
 [2m[90m↓[39m[22m [30m[46m tooling [49m[39m test/scripts/test-projects.test.ts[2m > [22mscripts/test-projects full-suite sharding[2m > [22mkeeps shared Vitest config helpers out of whole-config targets
 [2m[90m↓[39m[22m [30m[46m tooling [49m[39m test/scripts/test-projects.test.ts[2m > [22mscripts/test-projects full-suite sharding[2m > [22mrejects typoed explicit leaf project config targets
 [2m[90m↓[39m[22m [30m[46m tooling [49m[39m test/scripts/test-projects.test.ts[2m > [22mscripts/test-projects full-suite sharding[2m > [22mrejects unmatched extensionless test prefixes with the attempted pattern
 [2m[90m↓[39m[22m [30m[46m tooling [49m[39m test/scripts/test-projects.test.ts[2m > [22mscripts/test-projects full-suite sharding[2m > [22mrejects watch mode with multiple explicit leaf project config targets
 [2m[90m↓[39m[22m [30m[46m tooling [49m[39m test/scripts/test-projects.test.ts[2m > [22mscripts/test-projects full-suite sharding[2m > [22mskips extension project configs when leaf sharding and the aggregate extension shard is disabled
 [2m[90m↓[39m[22m [30m[46m tooling [49m[39m test/scripts/test-projects.test.ts[2m > [22mscripts/test-projects full-suite sharding[2m > [22mexpands full-suite shards before running them in parallel
 [2m[90m↓[39m[22m [30m[46m tooling [49m[39m test/scripts/test-projects.test.ts[2m > [22mscripts/test-projects full-suite sharding[2m > [22mrejects malformed full-suite expansion parallel overrides
 [2m[90m↓[39m[22m [30m[46m tooling [49m[39m test/scripts/test-projects.test.ts[2m > [22mscripts/test-projects full-suite sharding[2m > [22mkeeps untargeted watch mode on the native root config
 [2m[90m↓[39m[22m [30m[46m tooling [49m[39m test/scripts/test-projects.test.ts[2m > [22mscripts/test-projects parallel cache paths[2m > [22msplits an explicit global cache root per parallel shard
 [2m[90m↓[39m[22m [30m[46m tooling [49m[39m test/scripts/test-projects.test.ts[2m > [22mscripts/test-projects parallel cache paths[2m > [22mkeeps an already isolated cache path
 [2m[90m↓[39m[22m [30m[46m tooling [49m[39m test/scripts/test-projects.test.ts[2m > [22mscripts/test-projects failed shard digest[2m > [22mprints failed configs with focused rerun commands
 [2m[90m↓[39m[22m [30m[46m tooling [49m[39m test/scripts/test-projects.test.ts[2m > [22mscripts/test-projects failed shard digest[2m > [22mprints target-based reruns when a shard used include patterns
 [2m[90m↓[39m[22m [30m[46m tooling [49m[39m test/scripts/test-projects.test.ts[2m > [22mscripts/test-projects Vitest stall watchdog[2m > [22madds default no-output watchdog settings to non-watch specs
 [2m[90m↓[39m[22m [30m[46m tooling [49m[39m test/scripts/test-projects.test.ts[2m > [22mscripts/test-projects Vitest stall watchdog[2m > [22mextends the no-output watchdog for slow silent full-suite configs
 [2m[90m↓[39m[22m [30m[46m tooling [49m[39m test/scripts/test-projects.test.ts[2m > [22mscripts/test-projects Vitest stall watchdog[2m > [22mkeeps explicit watchdog settings and watch mode untouched
 [2m[90m↓[39m[22m [30m[46m tooling [49m[39m test/scripts/test-projects.test.ts[2m > [22mscripts/test-projects Vitest stall watchdog[2m > [22mallows changed checks to disable automatic silent-run retries
 [2m[90m↓[39m[22m [30m[46m tooling [49m[39m test/scripts/test-projects.test.ts[2m > [22mscripts/test-projects Vitest stall watchdog[2m > [22mraises short shard no-output timeouts for the retry attempt
 [2m[90m↓[39m[22m [30m[46m tooling [49m[39m test/scripts/test-projects.test.ts[2m > [22mscripts/test-projects Vitest cache isolation[2m > [22mkeeps same-config process lifetimes on one restored cache
 [2m[90m↓[39m[22m [30m[46m tooling [49m[39m test/scripts/test-projects.test.ts[2m > [22mscripts/test-projects Vitest cache isolation[2m > [22massigns isolated fs-module caches to multi-spec non-watch runs
 [2m[90m↓[39m[22m [30m[46m tooling [49m[39m test/scripts/test-projects.test.ts[2m > [22mscripts/test-projects Vitest cache isolation[2m > [22mkeeps single-spec and watch runs on the default cache
 [2m[90m↓[39m[22m [30m[46m tooling [49m[39m test/scripts/test-projects.test.ts[2m > [22mscripts/test-projects channel contract lane patterns[2m > [22mstays in sync with the vitest.contracts-shared lane enumerations
 [2m[90m↓[39m[22m [30m[46m tooling [49m[39m test/scripts/test-projects.test.ts[2m > [22mroutes shared Git ownership through all native tooling lanes: .github/workflows/openclaw-performance.yml
 [2m[90m↓[39m[22m [30m[46m tooling [49m[39m test/scripts/test-projects.test.ts[2m > [22mroutes shared Git ownership through all native tooling lanes: test/scripts/openclaw-performance-workflow.test.ts
 [2m[90m↓[39m[22m [30m[46m tooling [49m[39m test/scripts/test-projects.test.ts[2m > [22mroutes shared Git ownership through all native tooling lanes: test/scripts/openclaw-performance-workflow.test-support.ts
 [2m[90m↓[39m[22m [30m[46m tooling [49m[39m test/scripts/test-projects.test.ts[2m > [22mroutes shared Git ownership through all native tooling lanes: test/scripts/openclaw-performance-git-lifecycle.test.ts
 [2m[90m↓[39m[22m [30m[46m tooling [49m[39m test/scripts/test-projects.test.ts[2m > [22mroutes shared Git ownership through all native tooling lanes: test/scripts/plugin-release-git-lifecycle.test.ts
 [2m[90m↓[39m[22m [30m[46m tooling [49m[39m test/scripts/test-projects.test.ts[2m > [22mroutes shared Git ownership through all native tooling lanes: test/scripts/release-workflow-git-lifecycle.test.ts
 [2m[90m↓[39m[22m [30m[46m tooling [49m[39m test/scripts/test-projects.test.ts[2m > [22mroutes shared Git ownership through all native tooling lanes: .github/workflows/plugin-clawhub-release.yml
 [2m[90m↓[39m[22m [30m[46m tooling [49m[39m test/scripts/test-projects.test.ts[2m > [22mroutes shared Git ownership through all native tooling lanes: .github/workflows/plugin-npm-release.yml
 [2m[90m↓[39m[22m [30m[46m tooling [49m[39m test/scripts/test-projects.test.ts[2m > [22mroutes shared Git ownership through all native tooling lanes: .github/actions/publish-generated-pr/action.yml
 [2m[90m↓[39m[22m [30m[46m tooling [49m[39m test/scripts/test-projects.test.ts[2m > [22mroutes shared Git ownership through all native tooling lanes: .github/actions/publish-generated-pr/policy.py
 [2m[90m↓[39m[22m [30m[46m tooling [49m[39m test/scripts/test-projects.test.ts[2m > [22mroutes shared Git ownership through all native tooling lanes: .github/workflows/maturity-scorecard.yml
 [2m[90m↓[39m[22m [30m[46m tooling [49m[39m test/scripts/test-projects.test.ts[2m > [22mroutes shared Git ownership through all native tooling lanes: test/scripts/generated-publisher.test-support.ts
 [2m[90m↓[39m[22m [30m[46m tooling [49m[39m test/scripts/test-projects.test.ts[2m > [22mroutes shared Git ownership through all native tooling lanes: test/scripts/ci-git-owner.test-support.ts
 [2m[90m↓[39m[22m [30m[46m tooling [49m[39m test/scripts/test-projects.test.ts[2m > [22mroutes shared Git ownership through all native tooling lanes: test/scripts/ci-checkout.test-support.ts
 [2m[90m↓[39m[22m [30m[46m tooling [49m[39m test/scripts/test-projects.test.ts[2m > [22mroutes shared Git ownership through all native tooling lanes: test/scripts/ci-git-owner.test.ts
 [2m[90m↓[39m[22m [30m[46m tooling [49m[39m test/scripts/test-projects.test.ts[2m > [22mroutes shared Git ownership through all native tooling lanes: test/scripts/ci-linux-git.test.ts
 [2m[90m↓[39m[22m [30m[46m tooling [49m[39m test/scripts/test-projects.test.ts[2m > [22mroutes shared Git ownership through all native tooling lanes: test/scripts/ci-platform-checkout.test.ts
 [2m[90m↓[39m[22m [30m[46m tooling [49m[39m test/scripts/test-projects.test.ts[2m > [22mroutes shared Git ownership through all native tooling lanes: test/scripts/fixtures/ci-platform-checkout.mjs
 [2m[90m↓[39m[22m [30m[46m tooling [49m[39m test/scripts/test-projects.test.ts[2m > [22mroutes shared Git ownership through all native tooling lanes: test/scripts/ci-windows-process-census.test-support.ts
 [2m[90m↓[39m[22m [30m[46m tooling [49m[39m test/scripts/test-projects.test.ts[2m > [22mroutes shared Git ownership through all native tooling lanes: test/scripts/fixtures/ci-windows-process-census.mjs
 [2m[90m↓[39m[22m [30m[46m tooling [49m[39m test/scripts/test-projects.test.ts[2m > [22mroutes shared Git ownership through all native tooling lanes: test/scripts/fixtures/ci-windows-process-census.py
 [2m[90m↓[39m[22m [30m[46m tooling [49m[39m test/scripts/test-projects.test.ts[2m > [22mroutes Performance lifecycle ownership: .github/workflows/openclaw-performance.yml
 [2m[90m↓[39m[22m [30m[46m tooling [49m[39m test/scripts/test-projects.test.ts[2m > [22mroutes Performance lifecycle ownership: test/scripts/openclaw-performance-workflow.test.ts
 [2m[90m↓[39m[22m [30m[46m tooling [49m[39m test/scripts/test-projects.test.ts[2m > [22mroutes Performance lifecycle ownership: test/scripts/openclaw-performance-workflow.test-support.ts
 [2m[90m↓[39m[22m [30m[46m tooling [49m[39m test/scripts/test-projects.test.ts[2m > [22mroutes Performance lifecycle ownership: test/scripts/openclaw-performance-git-lifecycle.test.ts
 [2m[90m↓[39m[22m [30m[46m tooling [49m[39m test/scripts/test-projects.test.ts[2m > [22mroutes Performance lifecycle ownership: test/scripts/ci-git-owner.test-support.ts
 [2m[90m↓[39m[22m [30m[46m tooling [49m[39m test/scripts/test-projects.test.ts[2m > [22mroutes Performance lifecycle ownership: test/scripts/fixtures/ci-platform-checkout.mjs
 [2m[90m↓[39m[22m [30m[46m tooling [49m[39m test/scripts/test-projects.test.ts[2m > [22mroutes Performance lifecycle ownership: test/scripts/ci-windows-process-census.test-support.ts
 [2m[90m↓[39m[22m [30m[46m tooling [49m[39m test/scripts/test-projects.test.ts[2m > [22mroutes Performance lifecycle ownership: test/scripts/fixtures/ci-windows-process-census.mjs
 [2m[90m↓[39m[22m [30m[46m tooling [49m[39m test/scripts/test-projects.test.ts[2m > [22mroutes Performance lifecycle ownership: test/scripts/fixtures/ci-windows-process-census.py
 [2m[90m↓[39m[22m [30m[46m tooling [49m[39m test/scripts/test-projects.test.ts[2m > [22mroutes release admission lifecycle ownership through serial native proof
 [2m[90m↓[39m[22m [30m[46m tooling [49m[39m test/scripts/test-projects.test.ts[2m > [22mroutes plugin publication lifecycle ownership through serial native proof

[31m⎯⎯⎯⎯⎯⎯⎯[39m[1m[41m Failed Tests 1 [49m[22m[31m⎯⎯⎯⎯⎯⎯⎯[39m

[41m[1m FAIL [22m[49m [30m[46m tooling [49m[39m test/scripts/test-projects.test.ts[2m > [22mscripts/test-projects changed-target routing[2m > [22mroutes QA Profile Evidence through Git lifecycle and existing workflow owners
[31m[1mAssertionError[22m: expected { mode: 'targets', targets: [ …(6) ] } to deeply equal { mode: 'targets', targets: [ …(5) ] }[39m

[32m- Expected[39m
[31m+ Received[39m

[33m@@ -4,7 +4,8 @@[39m
[2m      "test/scripts/ci-git-owner.test.ts",[22m
[2m      "test/scripts/ci-linux-git.test.ts",[22m
[2m      "test/scripts/ci-platform-checkout.test.ts",[22m
[2m      "src/scripts/ci-changed-scope.git-owner.test.ts",[22m
[2m      "test/scripts/ci-workflow-guards.test.ts",[22m
[31m+     "test/scripts/qa-profile-run-status.test.ts",[39m
[2m    ],[22m
[2m  }[22m

[36m [2m❯[22m test/scripts/test-projects.test.ts:[2m1044:18[22m[39m
    [90m1042|[39m   it("routes QA Profile Evidence through Git lifecycle and existing wo…
    [90m1043|[39m     const plan = resolveChangedTestTargetPlan([".github/workflows/qa-p…
    [90m1044|[39m     expect(plan).toEqual({
    [90m   |[39m                  [31m^[39m
    [90m1045|[39m       mode: "targets",
    [90m1046|[39m       targets: [

[31m[2m⎯⎯⎯⎯⎯⎯⎯⎯⎯⎯⎯⎯⎯⎯⎯⎯⎯⎯⎯⎯⎯⎯⎯⎯[1/1]⎯[22m[39m


[2m Test Files [22m [1m[31m1 failed[39m[22m[90m (1)[39m
[2m      Tests [22m [1m[31m1 failed[39m[22m[2m | [22m[33m601 skipped[39m[90m (602)[39m
[2m   Start at [22m 18:59:18
[2m   Duration [22m 30.61s[2m (tests 84%, worker 9%, transform 5%, import 2%)[22m

